Doctor_ID,Doctor_Name,Gender,Department_ID,Specialization,Qualification,Experience_Years,Shift
DR00001,Doctor_1,Male,D001,Cardiology,MCh,26,Morning
DR00002,Doctor_2,Male,D002,Neurology,MBBS,9,Evening
DR00003,Doctor_3,Female,D003,Orthopedics,MD,35,Morning
DR00004,Doctor_4,Female,D004,Pediatrics,MCh,12,Morning
DR00005,Doctor_5,Male,D005,Oncology,MS,7,Night
DR00006,Doctor_6,Male,D006,ENT,MCh,4,Night
DR00007,Doctor_7,Male,D007,Dermatology,DM,35,Evening
DR00008,Doctor_8,Female,D008,General Surgery,DM,30,Evening
DR00009,Doctor_9,Female,D009,Urology,MD,12,Night
DR00010,Doctor_10,Male,D010,Nephrology,MBBS,20,Night
DR00011,Doctor_11,Female,D011,Gynecology,MS,29,Evening
DR00012,Doctor_12,Male,D012,Psychiatry,MBBS,33,Evening
DR00013,Doctor_13,Male,D013,Pulmonology,MS,10,Evening
DR00014,Doctor_14,Female,D014,Gastroenterology,MBBS,5,Night
DR00015,Doctor_15,Female,D015,Emergency,MS,23,Night
DR00016,Doctor_16,Female,D016,Radiology,MCh,30,Morning
DR00017,Doctor_17,Male,D017,ICU,MS,31,Night
DR00018,Doctor_18,Male,D018,Ophthalmology,MBBS,20,Night
DR00019,Doctor_19,Female,D019,Endocrinology,MS,25,Night
DR00020,Doctor_20,Female,D020,Dental,MBBS,30,Evening
DR00021,Doctor_21,Male,D001,Cardiology,MCh,8,Evening
DR00022,Doctor_22,Male,D002,Neurology,MD,19,Morning
DR00023,Doctor_23,Male,D003,Orthopedics,DM,26,Evening
DR00024,Doctor_24,Male,D004,Pediatrics,MD,29,Evening
DR00025,Doctor_25,Female,D005,Oncology,MD,28,Night
DR00026,Doctor_26,Female,D006,ENT,DM,23,Night
DR00027,Doctor_27,Female,D007,Dermatology,MD,10,Morning
DR00028,Doctor_28,Male,D008,General Surgery,MD,15,Night
DR00029,Doctor_29,Male,D009,Urology,MBBS,32,Night
DR00030,Doctor_30,Male,D010,Nephrology,MS,19,Morning
DR00031,Doctor_31,Male,D011,Gynecology,DM,35,Evening
DR00032,Doctor_32,Female,D012,Psychiatry,MD,33,Night
DR00033,Doctor_33,Male,D013,Pulmonology,DM,26,Evening
DR00034,Doctor_34,Female,D014,Gastroenterology,DM,7,Evening
DR00035,Doctor_35,Female,D015,Emergency,MBBS,13,Morning
DR00036,Doctor_36,Male,D016,Radiology,DM,11,Morning
DR00037,Doctor_37,Female,D017,ICU,MCh,4,Morning
DR00038,Doctor_38,Male,D018,Ophthalmology,MCh,10,Night
DR00039,Doctor_39,Male,D019,Endocrinology,MS,2,Morning
DR00040,Doctor_40,Male,D020,Dental,MCh,25,Morning
DR00041,Doctor_41,Female,D001,Cardiology,MS,24,Evening
DR00042,Doctor_42,Male,D002,Neurology,MBBS,32,Evening
DR00043,Doctor_43,Female,D003,Orthopedics,DM,20,Morning
DR00044,Doctor_44,Male,D004,Pediatrics,MBBS,22,Night
DR00045,Doctor_45,Female,D005,Oncology,DM,11,Night
DR00046,Doctor_46,Male,D006,ENT,MD,34,Evening
DR00047,Doctor_47,Male,D007,Dermatology,MCh,2,Night
DR00048,Doctor_48,Female,D008,General Surgery,MBBS,17,Night
DR00049,Doctor_49,Female,D009,Urology,MD,23,Morning
DR00050,Doctor_50,Female,D010,Nephrology,MD,13,Morning
DR00051,Doctor_51,Female,D011,Gynecology,MD,13,Night
DR00052,Doctor_52,Female,D012,Psychiatry,MS,2,Morning
DR00053,Doctor_53,Female,D013,Pulmonology,DM,17,Morning
DR00054,Doctor_54,Female,D014,Gastroenterology,DM,23,Evening
DR00055,Doctor_55,Male,D015,Emergency,MD,7,Morning
DR00056,Doctor_56,Female,D016,Radiology,MD,22,Morning
DR00057,Doctor_57,Female,D017,ICU,MCh,1,Evening
DR00058,Doctor_58,Female,D018,Ophthalmology,MBBS,8,Evening
DR00059,Doctor_59,Male,D019,Endocrinology,DM,12,Evening
DR00060,Doctor_60,Female,D020,Dental,MBBS,26,Evening
DR00061,Doctor_61,Female,D001,Cardiology,MBBS,11,Morning
DR00062,Doctor_62,Male,D002,Neurology,MBBS,10,Night
DR00063,Doctor_63,Female,D003,Orthopedics,MD,31,Night
DR00064,Doctor_64,Female,D004,Pediatrics,MD,9,Morning
DR00065,Doctor_65,Male,D005,Oncology,MBBS,34,Night
DR00066,Doctor_66,Male,D006,ENT,DM,13,Morning
DR00067,Doctor_67,Male,D007,Dermatology,MS,14,Evening
DR00068,Doctor_68,Male,D008,General Surgery,MCh,21,Evening
DR00069,Doctor_69,Female,D009,Urology,MD,4,Night
DR00070,Doctor_70,Female,D010,Nephrology,DM,34,Evening
DR00071,Doctor_71,Male,D011,Gynecology,MCh,10,Night
DR00072,Doctor_72,Male,D012,Psychiatry,DM,12,Night
DR00073,Doctor_73,Male,D013,Pulmonology,MD,12,Morning
DR00074,Doctor_74,Female,D014,Gastroenterology,MCh,8,Night
DR00075,Doctor_75,Male,D015,Emergency,MS,34,Night
DR00076,Doctor_76,Female,D016,Radiology,MBBS,4,Morning
DR00077,Doctor_77,Male,D017,ICU,MS,3,Morning
DR00078,Doctor_78,Female,D018,Ophthalmology,MCh,2,Morning
DR00079,Doctor_79,Female,D019,Endocrinology,MS,33,Night
DR00080,Doctor_80,Male,D020,Dental,MS,29,Night
DR00081,Doctor_81,Female,D001,Cardiology,MCh,16,Night
DR00082,Doctor_82,Female,D002,Neurology,MCh,13,Evening
DR00083,Doctor_83,Male,D003,Orthopedics,DM,8,Evening
DR00084,Doctor_84,Female,D004,Pediatrics,MS,5,Night
DR00085,Doctor_85,Male,D005,Oncology,DM,5,Morning
DR00086,Doctor_86,Female,D006,ENT,MBBS,10,Night
DR00087,Doctor_87,Female,D007,Dermatology,MD,17,Morning
DR00088,Doctor_88,Female,D008,General Surgery,MD,7,Evening
DR00089,Doctor_89,Female,D009,Urology,MD,15,Morning
DR00090,Doctor_90,Female,D010,Nephrology,MCh,26,Evening
DR00091,Doctor_91,Female,D011,Gynecology,MD,23,Evening
DR00092,Doctor_92,Male,D012,Psychiatry,MS,2,Evening
DR00093,Doctor_93,Female,D013,Pulmonology,DM,2,Evening
DR00094,Doctor_94,Female,D014,Gastroenterology,MCh,19,Night
DR00095,Doctor_95,Male,D015,Emergency,MBBS,15,Morning
DR00096,Doctor_96,Male,D016,Radiology,MS,18,Morning
DR00097,Doctor_97,Male,D017,ICU,MS,9,Evening
DR00098,Doctor_98,Female,D018,Ophthalmology,DM,10,Night
DR00099,Doctor_99,Female,D019,Endocrinology,MS,6,Evening
DR00100,Doctor_100,Male,D020,Dental,MD,28,Morning
DR00101,Doctor_101,Female,D001,Cardiology,MBBS,6,Evening
DR00102,Doctor_102,Male,D002,Neurology,MCh,15,Morning
DR00103,Doctor_103,Female,D003,Orthopedics,MBBS,30,Morning
DR00104,Doctor_104,Female,D004,Pediatrics,MCh,27,Evening
DR00105,Doctor_105,Male,D005,Oncology,MBBS,34,Night
DR00106,Doctor_106,Male,D006,ENT,MBBS,11,Evening
DR00107,Doctor_107,Male,D007,Dermatology,MD,13,Evening
DR00108,Doctor_108,Female,D008,General Surgery,MCh,14,Evening
DR00109,Doctor_109,Female,D009,Urology,MCh,12,Evening
DR00110,Doctor_110,Female,D010,Nephrology,MBBS,17,Morning
DR00111,Doctor_111,Male,D011,Gynecology,MBBS,33,Night
DR00112,Doctor_112,Male,D012,Psychiatry,MCh,31,Morning
DR00113,Doctor_113,Female,D013,Pulmonology,MBBS,28,Night
DR00114,Doctor_114,Female,D014,Gastroenterology,MCh,26,Night
DR00115,Doctor_115,Female,D015,Emergency,MD,15,Evening
DR00116,Doctor_116,Male,D016,Radiology,MD,26,Evening
DR00117,Doctor_117,Male,D017,ICU,MD,1,Morning
DR00118,Doctor_118,Female,D018,Ophthalmology,DM,11,Morning
DR00119,Doctor_119,Male,D019,Endocrinology,DM,33,Night
DR00120,Doctor_120,Female,D020,Dental,MCh,16,Night
DR00121,Doctor_121,Female,D001,Cardiology,MBBS,30,Morning
DR00122,Doctor_122,Male,D002,Neurology,MS,29,Morning
DR00123,Doctor_123,Female,D003,Orthopedics,MS,22,Night
DR00124,Doctor_124,Female,D004,Pediatrics,MD,3,Evening
DR00125,Doctor_125,Male,D005,Oncology,MS,12,Morning
DR00126,Doctor_126,Female,D006,ENT,DM,6,Evening
DR00127,Doctor_127,Female,D007,Dermatology,MCh,13,Morning
DR00128,Doctor_128,Male,D008,General Surgery,MBBS,17,Morning
DR00129,Doctor_129,Male,D009,Urology,DM,3,Evening
DR00130,Doctor_130,Male,D010,Nephrology,MS,20,Night
DR00131,Doctor_131,Male,D011,Gynecology,MBBS,34,Morning
DR00132,Doctor_132,Female,D012,Psychiatry,MS,32,Morning
DR00133,Doctor_133,Female,D013,Pulmonology,MCh,10,Morning
DR00134,Doctor_134,Female,D014,Gastroenterology,MCh,9,Night
DR00135,Doctor_135,Male,D015,Emergency,MCh,15,Morning
DR00136,Doctor_136,Male,D016,Radiology,MBBS,9,Night
DR00137,Doctor_137,Female,D017,ICU,MBBS,25,Evening
DR00138,Doctor_138,Male,D018,Ophthalmology,MBBS,35,Night
DR00139,Doctor_139,Male,D019,Endocrinology,DM,17,Morning
DR00140,Doctor_140,Female,D020,Dental,MBBS,33,Night
DR00141,Doctor_141,Male,D001,Cardiology,MCh,5,Night
DR00142,Doctor_142,Female,D002,Neurology,MS,5,Evening
DR00143,Doctor_143,Male,D003,Orthopedics,MD,15,Night
DR00144,Doctor_144,Female,D004,Pediatrics,DM,25,Morning
DR00145,Doctor_145,Female,D005,Oncology,MS,3,Night
DR00146,Doctor_146,Male,D006,ENT,MBBS,10,Evening
DR00147,Doctor_147,Female,D007,Dermatology,MS,9,Morning
DR00148,Doctor_148,Female,D008,General Surgery,MBBS,32,Evening
DR00149,Doctor_149,Male,D009,Urology,MD,32,Evening
DR00150,Doctor_150,Female,D010,Nephrology,DM,30,Evening
DR00151,Doctor_151,Male,D011,Gynecology,MCh,13,Evening
DR00152,Doctor_152,Male,D012,Psychiatry,DM,2,Evening
DR00153,Doctor_153,Female,D013,Pulmonology,MBBS,33,Evening
DR00154,Doctor_154,Female,D014,Gastroenterology,DM,14,Morning
DR00155,Doctor_155,Male,D015,Emergency,MCh,6,Morning
DR00156,Doctor_156,Female,D016,Radiology,MS,9,Night
DR00157,Doctor_157,Female,D017,ICU,MBBS,24,Morning
DR00158,Doctor_158,Female,D018,Ophthalmology,DM,26,Morning
DR00159,Doctor_159,Male,D019,Endocrinology,MBBS,32,Night
DR00160,Doctor_160,Female,D020,Dental,DM,20,Night
DR00161,Doctor_161,Male,D001,Cardiology,DM,23,Evening
DR00162,Doctor_162,Female,D002,Neurology,MBBS,22,Morning
DR00163,Doctor_163,Female,D003,Orthopedics,MS,26,Morning
DR00164,Doctor_164,Male,D004,Pediatrics,MBBS,19,Evening
DR00165,Doctor_165,Female,D005,Oncology,MBBS,26,Evening
DR00166,Doctor_166,Male,D006,ENT,MS,28,Evening
DR00167,Doctor_167,Male,D007,Dermatology,MS,7,Morning
DR00168,Doctor_168,Female,D008,General Surgery,MD,16,Evening
DR00169,Doctor_169,Female,D009,Urology,MCh,21,Morning
DR00170,Doctor_170,Female,D010,Nephrology,DM,2,Night
DR00171,Doctor_171,Female,D011,Gynecology,MCh,14,Night
DR00172,Doctor_172,Male,D012,Psychiatry,MBBS,27,Evening
DR00173,Doctor_173,Male,D013,Pulmonology,MS,32,Morning
DR00174,Doctor_174,Male,D014,Gastroenterology,MD,31,Evening
DR00175,Doctor_175,Female,D015,Emergency,MS,20,Evening
DR00176,Doctor_176,Female,D016,Radiology,DM,16,Evening
DR00177,Doctor_177,Female,D017,ICU,MCh,26,Morning
DR00178,Doctor_178,Male,D018,Ophthalmology,MD,5,Morning
DR00179,Doctor_179,Female,D019,Endocrinology,MCh,15,Evening
DR00180,Doctor_180,Female,D020,Dental,DM,28,Morning
DR00181,Doctor_181,Male,D001,Cardiology,MD,6,Morning
DR00182,Doctor_182,Female,D002,Neurology,MCh,6,Evening
DR00183,Doctor_183,Male,D003,Orthopedics,MS,17,Night
DR00184,Doctor_184,Male,D004,Pediatrics,MBBS,27,Evening
DR00185,Doctor_185,Female,D005,Oncology,MCh,14,Evening
DR00186,Doctor_186,Female,D006,ENT,MS,4,Evening
DR00187,Doctor_187,Female,D007,Dermatology,MCh,24,Morning
DR00188,Doctor_188,Male,D008,General Surgery,MBBS,18,Morning
DR00189,Doctor_189,Female,D009,Urology,DM,29,Evening
DR00190,Doctor_190,Female,D010,Nephrology,MBBS,9,Morning
DR00191,Doctor_191,Female,D011,Gynecology,DM,32,Morning
DR00192,Doctor_192,Male,D012,Psychiatry,DM,34,Evening
DR00193,Doctor_193,Female,D013,Pulmonology,MD,7,Morning
DR00194,Doctor_194,Male,D014,Gastroenterology,MD,34,Night
DR00195,Doctor_195,Male,D015,Emergency,DM,6,Night
DR00196,Doctor_196,Male,D016,Radiology,MBBS,9,Morning
DR00197,Doctor_197,Male,D017,ICU,MS,9,Night
DR00198,Doctor_198,Female,D018,Ophthalmology,MCh,28,Night
DR00199,Doctor_199,Male,D019,Endocrinology,MBBS,5,Evening
DR00200,Doctor_200,Male,D020,Dental,DM,17,Morning
DR00201,Doctor_201,Male,D001,Cardiology,MBBS,35,Evening
DR00202,Doctor_202,Female,D002,Neurology,MS,21,Night
DR00203,Doctor_203,Male,D003,Orthopedics,DM,34,Morning
DR00204,Doctor_204,Male,D004,Pediatrics,MBBS,27,Night
DR00205,Doctor_205,Female,D005,Oncology,MBBS,2,Morning
DR00206,Doctor_206,Female,D006,ENT,DM,6,Evening
DR00207,Doctor_207,Male,D007,Dermatology,DM,24,Morning
DR00208,Doctor_208,Female,D008,General Surgery,MBBS,22,Night
DR00209,Doctor_209,Female,D009,Urology,MS,26,Morning
DR00210,Doctor_210,Male,D010,Nephrology,MS,33,Morning
DR00211,Doctor_211,Male,D011,Gynecology,DM,13,Evening
DR00212,Doctor_212,Male,D012,Psychiatry,MD,30,Morning
DR00213,Doctor_213,Female,D013,Pulmonology,MS,7,Night
DR00214,Doctor_214,Female,D014,Gastroenterology,MCh,12,Morning
DR00215,Doctor_215,Female,D015,Emergency,DM,4,Night
DR00216,Doctor_216,Male,D016,Radiology,DM,4,Morning
DR00217,Doctor_217,Male,D017,ICU,MCh,10,Evening
DR00218,Doctor_218,Male,D018,Ophthalmology,MBBS,12,Evening
DR00219,Doctor_219,Female,D019,Endocrinology,MS,8,Morning
DR00220,Doctor_220,Male,D020,Dental,MS,13,Morning
DR00221,Doctor_221,Female,D001,Cardiology,MBBS,20,Night
DR00222,Doctor_222,Female,D002,Neurology,MS,22,Evening
DR00223,Doctor_223,Male,D003,Orthopedics,MBBS,1,Morning
DR00224,Doctor_224,Female,D004,Pediatrics,MBBS,23,Evening
DR00225,Doctor_225,Male,D005,Oncology,MCh,14,Evening
DR00226,Doctor_226,Female,D006,ENT,MS,28,Morning
DR00227,Doctor_227,Male,D007,Dermatology,DM,13,Evening
DR00228,Doctor_228,Female,D008,General Surgery,MD,21,Evening
DR00229,Doctor_229,Female,D009,Urology,MBBS,27,Morning
DR00230,Doctor_230,Female,D010,Nephrology,MBBS,25,Morning
DR00231,Doctor_231,Female,D011,Gynecology,MBBS,4,Evening
DR00232,Doctor_232,Male,D012,Psychiatry,MBBS,22,Evening
DR00233,Doctor_233,Female,D013,Pulmonology,MS,3,Evening
DR00234,Doctor_234,Female,D014,Gastroenterology,MS,20,Morning
DR00235,Doctor_235,Male,D015,Emergency,MBBS,15,Morning
DR00236,Doctor_236,Female,D016,Radiology,DM,25,Evening
DR00237,Doctor_237,Female,D017,ICU,DM,9,Evening
DR00238,Doctor_238,Male,D018,Ophthalmology,MBBS,20,Night
DR00239,Doctor_239,Male,D019,Endocrinology,MCh,16,Evening
DR00240,Doctor_240,Female,D020,Dental,DM,24,Night
DR00241,Doctor_241,Male,D001,Cardiology,MCh,13,Evening
DR00242,Doctor_242,Male,D002,Neurology,MD,27,Morning
DR00243,Doctor_243,Male,D003,Orthopedics,DM,35,Evening
DR00244,Doctor_244,Male,D004,Pediatrics,DM,7,Morning
DR00245,Doctor_245,Female,D005,Oncology,MCh,6,Morning
DR00246,Doctor_246,Male,D006,ENT,DM,32,Night
DR00247,Doctor_247,Female,D007,Dermatology,MD,15,Morning
DR00248,Doctor_248,Female,D008,General Surgery,DM,16,Night
DR00249,Doctor_249,Male,D009,Urology,MS,19,Evening
DR00250,Doctor_250,Female,D010,Nephrology,MS,17,Night
DR00251,Doctor_251,Female,D011,Gynecology,MD,29,Morning
DR00252,Doctor_252,Male,D012,Psychiatry,MD,16,Morning
DR00253,Doctor_253,Female,D013,Pulmonology,MCh,13,Evening
DR00254,Doctor_254,Male,D014,Gastroenterology,DM,17,Morning
DR00255,Doctor_255,Male,D015,Emergency,MBBS,30,Morning
DR00256,Doctor_256,Male,D016,Radiology,MBBS,31,Morning
DR00257,Doctor_257,Female,D017,ICU,MS,3,Evening
DR00258,Doctor_258,Male,D018,Ophthalmology,MBBS,4,Morning
DR00259,Doctor_259,Male,D019,Endocrinology,MBBS,24,Night
DR00260,Doctor_260,Male,D020,Dental,DM,17,Night
DR00261,Doctor_261,Male,D001,Cardiology,MBBS,23,Morning
DR00262,Doctor_262,Male,D002,Neurology,MS,22,Morning
DR00263,Doctor_263,Male,D003,Orthopedics,MD,17,Morning
DR00264,Doctor_264,Male,D004,Pediatrics,MBBS,21,Evening
DR00265,Doctor_265,Female,D005,Oncology,MD,20,Morning
DR00266,Doctor_266,Male,D006,ENT,MBBS,32,Night
DR00267,Doctor_267,Female,D007,Dermatology,MBBS,27,Morning
DR00268,Doctor_268,Female,D008,General Surgery,MCh,10,Night
DR00269,Doctor_269,Male,D009,Urology,MD,26,Night
DR00270,Doctor_270,Female,D010,Nephrology,DM,19,Night
DR00271,Doctor_271,Female,D011,Gynecology,DM,4,Evening
DR00272,Doctor_272,Female,D012,Psychiatry,DM,27,Morning
DR00273,Doctor_273,Female,D013,Pulmonology,MD,26,Night
DR00274,Doctor_274,Female,D014,Gastroenterology,MD,1,Evening
DR00275,Doctor_275,Male,D015,Emergency,DM,8,Morning
DR00276,Doctor_276,Female,D016,Radiology,MCh,24,Evening
DR00277,Doctor_277,Male,D017,ICU,MD,1,Morning
DR00278,Doctor_278,Male,D018,Ophthalmology,DM,6,Night
DR00279,Doctor_279,Female,D019,Endocrinology,MCh,11,Morning
DR00280,Doctor_280,Female,D020,Dental,MS,11,Night
DR00281,Doctor_281,Male,D001,Cardiology,MBBS,7,Evening
DR00282,Doctor_282,Female,D002,Neurology,MD,20,Morning
DR00283,Doctor_283,Male,D003,Orthopedics,DM,21,Morning
DR00284,Doctor_284,Female,D004,Pediatrics,MBBS,11,Night
DR00285,Doctor_285,Male,D005,Oncology,MCh,26,Night
DR00286,Doctor_286,Male,D006,ENT,DM,12,Night
DR00287,Doctor_287,Male,D007,Dermatology,MBBS,26,Night
DR00288,Doctor_288,Male,D008,General Surgery,DM,23,Morning
DR00289,Doctor_289,Male,D009,Urology,MD,13,Morning
DR00290,Doctor_290,Male,D010,Nephrology,MS,8,Evening
DR00291,Doctor_291,Female,D011,Gynecology,MCh,20,Night
DR00292,Doctor_292,Female,D012,Psychiatry,MS,16,Evening
DR00293,Doctor_293,Female,D013,Pulmonology,MS,29,Night
DR00294,Doctor_294,Female,D014,Gastroenterology,MD,2,Morning
DR00295,Doctor_295,Female,D015,Emergency,DM,16,Evening
DR00296,Doctor_296,Female,D016,Radiology,MD,31,Evening
DR00297,Doctor_297,Male,D017,ICU,MBBS,9,Evening
DR00298,Doctor_298,Female,D018,Ophthalmology,MS,6,Evening
DR00299,Doctor_299,Male,D019,Endocrinology,MBBS,9,Morning
DR00300,Doctor_300,Female,D020,Dental,MCh,6,Morning
DR00301,Doctor_301,Female,D001,Cardiology,MD,2,Morning
DR00302,Doctor_302,Male,D002,Neurology,MD,9,Evening
DR00303,Doctor_303,Female,D003,Orthopedics,MD,15,Morning
DR00304,Doctor_304,Female,D004,Pediatrics,MCh,17,Morning
DR00305,Doctor_305,Female,D005,Oncology,MCh,18,Evening
DR00306,Doctor_306,Male,D006,ENT,MS,33,Evening
DR00307,Doctor_307,Male,D007,Dermatology,MCh,17,Night
DR00308,Doctor_308,Male,D008,General Surgery,MS,24,Morning
DR00309,Doctor_309,Male,D009,Urology,MD,26,Morning
DR00310,Doctor_310,Female,D010,Nephrology,MS,25,Morning
DR00311,Doctor_311,Female,D011,Gynecology,MBBS,34,Morning
DR00312,Doctor_312,Female,D012,Psychiatry,DM,34,Night
DR00313,Doctor_313,Male,D013,Pulmonology,MS,35,Night
DR00314,Doctor_314,Female,D014,Gastroenterology,MS,17,Evening
DR00315,Doctor_315,Female,D015,Emergency,MCh,10,Evening
DR00316,Doctor_316,Female,D016,Radiology,MBBS,29,Morning
DR00317,Doctor_317,Male,D017,ICU,MCh,4,Evening
DR00318,Doctor_318,Female,D018,Ophthalmology,MS,21,Night
DR00319,Doctor_319,Male,D019,Endocrinology,MBBS,15,Morning
DR00320,Doctor_320,Female,D020,Dental,MCh,28,Evening
DR00321,Doctor_321,Female,D001,Cardiology,MBBS,9,Evening
DR00322,Doctor_322,Male,D002,Neurology,MCh,3,Morning
DR00323,Doctor_323,Male,D003,Orthopedics,MBBS,23,Evening
DR00324,Doctor_324,Male,D004,Pediatrics,MCh,23,Night
DR00325,Doctor_325,Male,D005,Oncology,DM,20,Night
DR00326,Doctor_326,Male,D006,ENT,MD,24,Night
DR00327,Doctor_327,Female,D007,Dermatology,MD,9,Morning
DR00328,Doctor_328,Male,D008,General Surgery,MD,29,Morning
DR00329,Doctor_329,Male,D009,Urology,MD,18,Evening
DR00330,Doctor_330,Female,D010,Nephrology,MBBS,4,Night
DR00331,Doctor_331,Female,D011,Gynecology,MCh,29,Night
DR00332,Doctor_332,Female,D012,Psychiatry,MD,11,Morning
DR00333,Doctor_333,Male,D013,Pulmonology,MBBS,35,Morning
DR00334,Doctor_334,Female,D014,Gastroenterology,MD,16,Morning
DR00335,Doctor_335,Male,D015,Emergency,MBBS,1,Night
DR00336,Doctor_336,Male,D016,Radiology,MD,27,Morning
DR00337,Doctor_337,Female,D017,ICU,MCh,12,Night
DR00338,Doctor_338,Female,D018,Ophthalmology,MBBS,20,Night
DR00339,Doctor_339,Male,D019,Endocrinology,DM,35,Morning
DR00340,Doctor_340,Female,D020,Dental,DM,30,Morning
DR00341,Doctor_341,Female,D001,Cardiology,MD,15,Morning
DR00342,Doctor_342,Female,D002,Neurology,MD,3,Morning
DR00343,Doctor_343,Female,D003,Orthopedics,MS,4,Evening
DR00344,Doctor_344,Female,D004,Pediatrics,MCh,17,Evening
DR00345,Doctor_345,Male,D005,Oncology,MBBS,33,Morning
DR00346,Doctor_346,Male,D006,ENT,MS,16,Night
DR00347,Doctor_347,Male,D007,Dermatology,MD,21,Morning
DR00348,Doctor_348,Female,D008,General Surgery,MS,16,Evening
DR00349,Doctor_349,Female,D009,Urology,DM,34,Night
DR00350,Doctor_350,Male,D010,Nephrology,MBBS,28,Night
DR00351,Doctor_351,Male,D011,Gynecology,MCh,20,Morning
DR00352,Doctor_352,Female,D012,Psychiatry,MCh,5,Night
DR00353,Doctor_353,Male,D013,Pulmonology,MD,3,Morning
DR00354,Doctor_354,Male,D014,Gastroenterology,MBBS,11,Evening
DR00355,Doctor_355,Male,D015,Emergency,MBBS,2,Morning
DR00356,Doctor_356,Male,D016,Radiology,MBBS,5,Night
DR00357,Doctor_357,Male,D017,ICU,MBBS,24,Morning
DR00358,Doctor_358,Male,D018,Ophthalmology,DM,7,Morning
DR00359,Doctor_359,Male,D019,Endocrinology,MD,8,Morning
DR00360,Doctor_360,Male,D020,Dental,MBBS,19,Evening
DR00361,Doctor_361,Male,D001,Cardiology,MD,7,Night
DR00362,Doctor_362,Male,D002,Neurology,MS,21,Evening
DR00363,Doctor_363,Female,D003,Orthopedics,MS,2,Evening
DR00364,Doctor_364,Female,D004,Pediatrics,MS,4,Night
DR00365,Doctor_365,Female,D005,Oncology,MS,33,Evening
DR00366,Doctor_366,Female,D006,ENT,MCh,2,Evening
DR00367,Doctor_367,Male,D007,Dermatology,DM,34,Morning
DR00368,Doctor_368,Female,D008,General Surgery,DM,4,Night
DR00369,Doctor_369,Male,D009,Urology,MBBS,19,Morning
DR00370,Doctor_370,Female,D010,Nephrology,MBBS,34,Morning
DR00371,Doctor_371,Female,D011,Gynecology,MBBS,1,Evening
DR00372,Doctor_372,Female,D012,Psychiatry,MBBS,32,Night
DR00373,Doctor_373,Male,D013,Pulmonology,DM,23,Night
DR00374,Doctor_374,Female,D014,Gastroenterology,MCh,11,Evening
DR00375,Doctor_375,Male,D015,Emergency,MD,32,Morning
DR00376,Doctor_376,Male,D016,Radiology,MBBS,32,Night
DR00377,Doctor_377,Male,D017,ICU,MS,23,Morning
DR00378,Doctor_378,Female,D018,Ophthalmology,DM,6,Evening
DR00379,Doctor_379,Male,D019,Endocrinology,MS,14,Evening
DR00380,Doctor_380,Female,D020,Dental,DM,35,Night
DR00381,Doctor_381,Male,D001,Cardiology,DM,15,Evening
DR00382,Doctor_382,Male,D002,Neurology,MCh,3,Evening
DR00383,Doctor_383,Female,D003,Orthopedics,MCh,10,Evening
DR00384,Doctor_384,Female,D004,Pediatrics,MD,30,Evening
DR00385,Doctor_385,Female,D005,Oncology,MCh,15,Morning
DR00386,Doctor_386,Female,D006,ENT,DM,16,Night
DR00387,Doctor_387,Male,D007,Dermatology,MS,20,Night
DR00388,Doctor_388,Male,D008,General Surgery,MD,16,Night
DR00389,Doctor_389,Female,D009,Urology,MCh,34,Evening
DR00390,Doctor_390,Male,D010,Nephrology,MD,21,Morning
DR00391,Doctor_391,Female,D011,Gynecology,MBBS,11,Night
DR00392,Doctor_392,Male,D012,Psychiatry,MD,25,Morning
DR00393,Doctor_393,Male,D013,Pulmonology,MS,20,Evening
DR00394,Doctor_394,Female,D014,Gastroenterology,MD,7,Night
DR00395,Doctor_395,Male,D015,Emergency,MS,14,Evening
DR00396,Doctor_396,Female,D016,Radiology,MBBS,1,Evening
DR00397,Doctor_397,Female,D017,ICU,MD,33,Night
DR00398,Doctor_398,Female,D018,Ophthalmology,DM,2,Morning
DR00399,Doctor_399,Female,D019,Endocrinology,MCh,26,Morning
DR00400,Doctor_400,Male,D020,Dental,DM,27,Morning
DR00401,Doctor_401,Male,D001,Cardiology,MD,8,Evening
DR00402,Doctor_402,Female,D002,Neurology,MS,17,Night
DR00403,Doctor_403,Male,D003,Orthopedics,DM,16,Evening
DR00404,Doctor_404,Male,D004,Pediatrics,MS,28,Evening
DR00405,Doctor_405,Female,D005,Oncology,MBBS,27,Night
DR00406,Doctor_406,Male,D006,ENT,MS,1,Evening
DR00407,Doctor_407,Female,D007,Dermatology,MBBS,3,Evening
DR00408,Doctor_408,Male,D008,General Surgery,MD,13,Night
DR00409,Doctor_409,Female,D009,Urology,MBBS,30,Night
DR00410,Doctor_410,Male,D010,Nephrology,DM,33,Morning
DR00411,Doctor_411,Female,D011,Gynecology,MCh,22,Evening
DR00412,Doctor_412,Female,D012,Psychiatry,MD,12,Evening
DR00413,Doctor_413,Male,D013,Pulmonology,MCh,23,Night
DR00414,Doctor_414,Male,D014,Gastroenterology,MS,18,Evening
DR00415,Doctor_415,Female,D015,Emergency,MBBS,1,Morning
DR00416,Doctor_416,Female,D016,Radiology,DM,23,Night
DR00417,Doctor_417,Female,D017,ICU,MBBS,15,Evening
DR00418,Doctor_418,Female,D018,Ophthalmology,MCh,15,Evening
DR00419,Doctor_419,Female,D019,Endocrinology,MD,11,Morning
DR00420,Doctor_420,Male,D020,Dental,MD,31,Night
DR00421,Doctor_421,Male,D001,Cardiology,MD,23,Night
DR00422,Doctor_422,Female,D002,Neurology,DM,19,Night
DR00423,Doctor_423,Male,D003,Orthopedics,DM,23,Morning
DR00424,Doctor_424,Female,D004,Pediatrics,DM,17,Evening
DR00425,Doctor_425,Male,D005,Oncology,DM,1,Night
DR00426,Doctor_426,Female,D006,ENT,MS,16,Night
DR00427,Doctor_427,Female,D007,Dermatology,MS,31,Evening
DR00428,Doctor_428,Female,D008,General Surgery,MCh,6,Night
DR00429,Doctor_429,Female,D009,Urology,MD,20,Evening
DR00430,Doctor_430,Male,D010,Nephrology,MBBS,21,Morning
DR00431,Doctor_431,Female,D011,Gynecology,MCh,1,Night
DR00432,Doctor_432,Male,D012,Psychiatry,MD,5,Night
DR00433,Doctor_433,Female,D013,Pulmonology,MS,7,Night
DR00434,Doctor_434,Male,D014,Gastroenterology,MD,12,Evening
DR00435,Doctor_435,Female,D015,Emergency,MD,14,Evening
DR00436,Doctor_436,Male,D016,Radiology,MCh,6,Night
DR00437,Doctor_437,Female,D017,ICU,MD,32,Night
DR00438,Doctor_438,Male,D018,Ophthalmology,MCh,6,Night
DR00439,Doctor_439,Female,D019,Endocrinology,MBBS,8,Evening
DR00440,Doctor_440,Female,D020,Dental,MD,9,Evening
DR00441,Doctor_441,Female,D001,Cardiology,MCh,4,Evening
DR00442,Doctor_442,Female,D002,Neurology,MD,32,Morning
DR00443,Doctor_443,Female,D003,Orthopedics,MD,35,Night
DR00444,Doctor_444,Male,D004,Pediatrics,MD,21,Evening
DR00445,Doctor_445,Female,D005,Oncology,MS,30,Evening
DR00446,Doctor_446,Female,D006,ENT,DM,5,Morning
DR00447,Doctor_447,Female,D007,Dermatology,MBBS,2,Night
DR00448,Doctor_448,Male,D008,General Surgery,MS,7,Night
DR00449,Doctor_449,Female,D009,Urology,DM,10,Morning
DR00450,Doctor_450,Male,D010,Nephrology,DM,9,Evening
DR00451,Doctor_451,Male,D011,Gynecology,MS,22,Evening
DR00452,Doctor_452,Male,D012,Psychiatry,MS,28,Evening
DR00453,Doctor_453,Female,D013,Pulmonology,MS,4,Evening
DR00454,Doctor_454,Female,D014,Gastroenterology,MS,32,Evening
DR00455,Doctor_455,Female,D015,Emergency,MCh,18,Night
DR00456,Doctor_456,Female,D016,Radiology,MD,32,Morning
DR00457,Doctor_457,Female,D017,ICU,MD,21,Night
DR00458,Doctor_458,Female,D018,Ophthalmology,MD,6,Morning
DR00459,Doctor_459,Female,D019,Endocrinology,MCh,26,Night
DR00460,Doctor_460,Male,D020,Dental,DM,20,Morning
DR00461,Doctor_461,Male,D001,Cardiology,MBBS,13,Evening
DR00462,Doctor_462,Male,D002,Neurology,MCh,35,Night
DR00463,Doctor_463,Female,D003,Orthopedics,MCh,10,Night
DR00464,Doctor_464,Male,D004,Pediatrics,MD,3,Night
DR00465,Doctor_465,Female,D005,Oncology,MD,7,Night
DR00466,Doctor_466,Male,D006,ENT,MBBS,27,Morning
DR00467,Doctor_467,Male,D007,Dermatology,MS,9,Evening
DR00468,Doctor_468,Female,D008,General Surgery,MS,12,Evening
DR00469,Doctor_469,Male,D009,Urology,MS,2,Evening
DR00470,Doctor_470,Male,D010,Nephrology,DM,34,Morning
DR00471,Doctor_471,Male,D011,Gynecology,DM,26,Evening
DR00472,Doctor_472,Male,D012,Psychiatry,MBBS,25,Night
DR00473,Doctor_473,Male,D013,Pulmonology,DM,27,Night
DR00474,Doctor_474,Male,D014,Gastroenterology,MBBS,31,Morning
DR00475,Doctor_475,Male,D015,Emergency,MBBS,28,Morning
DR00476,Doctor_476,Male,D016,Radiology,MBBS,6,Morning
DR00477,Doctor_477,Male,D017,ICU,MD,31,Morning
DR00478,Doctor_478,Female,D018,Ophthalmology,MCh,16,Evening
DR00479,Doctor_479,Male,D019,Endocrinology,MBBS,24,Night
DR00480,Doctor_480,Male,D020,Dental,MBBS,19,Night
DR00481,Doctor_481,Female,D001,Cardiology,DM,17,Morning
DR00482,Doctor_482,Male,D002,Neurology,MBBS,4,Morning
DR00483,Doctor_483,Male,D003,Orthopedics,DM,20,Evening
DR00484,Doctor_484,Male,D004,Pediatrics,DM,4,Evening
DR00485,Doctor_485,Female,D005,Oncology,MCh,29,Evening
DR00486,Doctor_486,Male,D006,ENT,MD,8,Evening
DR00487,Doctor_487,Male,D007,Dermatology,DM,31,Evening
DR00488,Doctor_488,Female,D008,General Surgery,MS,22,Evening
DR00489,Doctor_489,Female,D009,Urology,MBBS,22,Night
DR00490,Doctor_490,Male,D010,Nephrology,MD,20,Night
DR00491,Doctor_491,Female,D011,Gynecology,MD,25,Evening
DR00492,Doctor_492,Female,D012,Psychiatry,MCh,15,Evening
DR00493,Doctor_493,Female,D013,Pulmonology,MBBS,21,Evening
DR00494,Doctor_494,Female,D014,Gastroenterology,DM,11,Night
DR00495,Doctor_495,Male,D015,Emergency,MS,10,Night
DR00496,Doctor_496,Male,D016,Radiology,MS,32,Evening
DR00497,Doctor_497,Male,D017,ICU,MCh,32,Evening
DR00498,Doctor_498,Male,D018,Ophthalmology,MD,20,Night
DR00499,Doctor_499,Male,D019,Endocrinology,DM,30,Night
DR00500,Doctor_500,Male,D020,Dental,MS,1,Evening
DR00501,Doctor_501,Female,D001,Cardiology,MCh,6,Night
DR00502,Doctor_502,Female,D002,Neurology,MBBS,15,Evening
DR00503,Doctor_503,Female,D003,Orthopedics,MCh,21,Evening
DR00504,Doctor_504,Male,D004,Pediatrics,MD,14,Morning
DR00505,Doctor_505,Male,D005,Oncology,MD,19,Evening
DR00506,Doctor_506,Female,D006,ENT,DM,34,Morning
DR00507,Doctor_507,Male,D007,Dermatology,MBBS,32,Evening
DR00508,Doctor_508,Male,D008,General Surgery,MS,30,Morning
DR00509,Doctor_509,Male,D009,Urology,MS,2,Evening
DR00510,Doctor_510,Female,D010,Nephrology,MCh,2,Morning
DR00511,Doctor_511,Male,D011,Gynecology,MD,32,Night
DR00512,Doctor_512,Male,D012,Psychiatry,MS,18,Evening
DR00513,Doctor_513,Male,D013,Pulmonology,DM,9,Evening
DR00514,Doctor_514,Male,D014,Gastroenterology,MS,13,Morning
DR00515,Doctor_515,Female,D015,Emergency,MBBS,2,Morning
DR00516,Doctor_516,Male,D016,Radiology,MCh,24,Night
DR00517,Doctor_517,Female,D017,ICU,DM,5,Night
DR00518,Doctor_518,Female,D018,Ophthalmology,MBBS,6,Evening
DR00519,Doctor_519,Female,D019,Endocrinology,MCh,15,Night
DR00520,Doctor_520,Male,D020,Dental,MCh,26,Morning
DR00521,Doctor_521,Female,D001,Cardiology,MD,24,Morning
DR00522,Doctor_522,Male,D002,Neurology,MD,3,Evening
DR00523,Doctor_523,Female,D003,Orthopedics,MBBS,2,Morning
DR00524,Doctor_524,Female,D004,Pediatrics,MCh,31,Morning
DR00525,Doctor_525,Male,D005,Oncology,MD,21,Morning
DR00526,Doctor_526,Male,D006,ENT,MS,29,Night
DR00527,Doctor_527,Male,D007,Dermatology,DM,21,Evening
DR00528,Doctor_528,Female,D008,General Surgery,DM,8,Evening
DR00529,Doctor_529,Female,D009,Urology,DM,11,Evening
DR00530,Doctor_530,Male,D010,Nephrology,MD,1,Evening
DR00531,Doctor_531,Male,D011,Gynecology,MBBS,11,Morning
DR00532,Doctor_532,Male,D012,Psychiatry,MCh,24,Night
DR00533,Doctor_533,Male,D013,Pulmonology,DM,7,Evening
DR00534,Doctor_534,Male,D014,Gastroenterology,MBBS,29,Evening
DR00535,Doctor_535,Female,D015,Emergency,MD,31,Morning
DR00536,Doctor_536,Female,D016,Radiology,MD,22,Morning
DR00537,Doctor_537,Male,D017,ICU,MD,29,Night
DR00538,Doctor_538,Male,D018,Ophthalmology,DM,10,Evening
DR00539,Doctor_539,Female,D019,Endocrinology,DM,16,Morning
DR00540,Doctor_540,Male,D020,Dental,MS,19,Evening
DR00541,Doctor_541,Male,D001,Cardiology,MS,32,Morning
DR00542,Doctor_542,Female,D002,Neurology,DM,31,Morning
DR00543,Doctor_543,Male,D003,Orthopedics,MCh,4,Night
DR00544,Doctor_544,Male,D004,Pediatrics,MCh,31,Evening
DR00545,Doctor_545,Male,D005,Oncology,MS,13,Evening
DR00546,Doctor_546,Female,D006,ENT,MS,16,Morning
DR00547,Doctor_547,Male,D007,Dermatology,DM,19,Evening
DR00548,Doctor_548,Male,D008,General Surgery,MBBS,19,Morning
DR00549,Doctor_549,Male,D009,Urology,DM,33,Evening
DR00550,Doctor_550,Male,D010,Nephrology,DM,1,Night
DR00551,Doctor_551,Female,D011,Gynecology,MD,24,Evening
DR00552,Doctor_552,Male,D012,Psychiatry,DM,14,Evening
DR00553,Doctor_553,Male,D013,Pulmonology,MD,12,Night
DR00554,Doctor_554,Male,D014,Gastroenterology,MD,13,Night
DR00555,Doctor_555,Male,D015,Emergency,MBBS,32,Evening
DR00556,Doctor_556,Male,D016,Radiology,MD,9,Night
DR00557,Doctor_557,Male,D017,ICU,MCh,20,Morning
DR00558,Doctor_558,Male,D018,Ophthalmology,MBBS,34,Evening
DR00559,Doctor_559,Male,D019,Endocrinology,MCh,23,Evening
DR00560,Doctor_560,Female,D020,Dental,DM,6,Morning
DR00561,Doctor_561,Female,D001,Cardiology,DM,9,Night
DR00562,Doctor_562,Female,D002,Neurology,MD,12,Night
DR00563,Doctor_563,Female,D003,Orthopedics,MBBS,11,Night
DR00564,Doctor_564,Female,D004,Pediatrics,MCh,1,Evening
DR00565,Doctor_565,Female,D005,Oncology,MCh,5,Morning
DR00566,Doctor_566,Female,D006,ENT,MD,21,Night
DR00567,Doctor_567,Female,D007,Dermatology,MCh,4,Evening
DR00568,Doctor_568,Male,D008,General Surgery,DM,29,Night
DR00569,Doctor_569,Male,D009,Urology,MCh,35,Morning
DR00570,Doctor_570,Male,D010,Nephrology,MD,6,Morning
DR00571,Doctor_571,Male,D011,Gynecology,MD,7,Evening
DR00572,Doctor_572,Female,D012,Psychiatry,MCh,2,Morning
DR00573,Doctor_573,Male,D013,Pulmonology,MD,17,Morning
DR00574,Doctor_574,Female,D014,Gastroenterology,MCh,16,Night
DR00575,Doctor_575,Female,D015,Emergency,MBBS,23,Morning
DR00576,Doctor_576,Male,D016,Radiology,MBBS,18,Morning
DR00577,Doctor_577,Female,D017,ICU,DM,33,Evening
DR00578,Doctor_578,Male,D018,Ophthalmology,MBBS,8,Evening
DR00579,Doctor_579,Male,D019,Endocrinology,MCh,15,Morning
DR00580,Doctor_580,Male,D020,Dental,MCh,30,Night
DR00581,Doctor_581,Female,D001,Cardiology,MD,2,Night
DR00582,Doctor_582,Female,D002,Neurology,DM,34,Morning
DR00583,Doctor_583,Female,D003,Orthopedics,MBBS,24,Evening
DR00584,Doctor_584,Female,D004,Pediatrics,MD,22,Night
DR00585,Doctor_585,Female,D005,Oncology,MCh,21,Evening
DR00586,Doctor_586,Male,D006,ENT,MS,34,Morning
DR00587,Doctor_587,Female,D007,Dermatology,MD,28,Night
DR00588,Doctor_588,Male,D008,General Surgery,MS,7,Night
DR00589,Doctor_589,Male,D009,Urology,MBBS,21,Evening
DR00590,Doctor_590,Male,D010,Nephrology,MCh,2,Morning
DR00591,Doctor_591,Male,D011,Gynecology,DM,26,Evening
DR00592,Doctor_592,Male,D012,Psychiatry,MBBS,3,Night
DR00593,Doctor_593,Female,D013,Pulmonology,MCh,18,Night
DR00594,Doctor_594,Male,D014,Gastroenterology,MCh,7,Evening
DR00595,Doctor_595,Male,D015,Emergency,MCh,1,Evening
DR00596,Doctor_596,Male,D016,Radiology,MBBS,19,Morning
DR00597,Doctor_597,Female,D017,ICU,MS,11,Morning
DR00598,Doctor_598,Male,D018,Ophthalmology,MCh,33,Evening
DR00599,Doctor_599,Male,D019,Endocrinology,DM,35,Morning
DR00600,Doctor_600,Female,D020,Dental,MBBS,33,Morning
DR00601,Doctor_601,Female,D001,Cardiology,DM,19,Evening
DR00602,Doctor_602,Male,D002,Neurology,MBBS,35,Evening
DR00603,Doctor_603,Female,D003,Orthopedics,MCh,15,Night
DR00604,Doctor_604,Female,D004,Pediatrics,MD,24,Evening
DR00605,Doctor_605,Female,D005,Oncology,MCh,31,Evening
DR00606,Doctor_606,Female,D006,ENT,MBBS,16,Evening
DR00607,Doctor_607,Male,D007,Dermatology,MD,33,Night
DR00608,Doctor_608,Female,D008,General Surgery,MCh,26,Morning
DR00609,Doctor_609,Female,D009,Urology,MD,16,Evening
DR00610,Doctor_610,Female,D010,Nephrology,DM,18,Evening
DR00611,Doctor_611,Male,D011,Gynecology,MS,4,Morning
DR00612,Doctor_612,Male,D012,Psychiatry,MCh,5,Night
DR00613,Doctor_613,Female,D013,Pulmonology,DM,4,Night
DR00614,Doctor_614,Female,D014,Gastroenterology,DM,23,Night
DR00615,Doctor_615,Male,D015,Emergency,MCh,15,Night
DR00616,Doctor_616,Male,D016,Radiology,DM,22,Night
DR00617,Doctor_617,Female,D017,ICU,MD,13,Night
DR00618,Doctor_618,Female,D018,Ophthalmology,MCh,7,Night
DR00619,Doctor_619,Female,D019,Endocrinology,MS,9,Evening
DR00620,Doctor_620,Male,D020,Dental,MBBS,27,Night
DR00621,Doctor_621,Male,D001,Cardiology,DM,26,Night
DR00622,Doctor_622,Male,D002,Neurology,DM,18,Night
DR00623,Doctor_623,Male,D003,Orthopedics,DM,29,Night
DR00624,Doctor_624,Female,D004,Pediatrics,MS,23,Evening
DR00625,Doctor_625,Female,D005,Oncology,DM,34,Night
DR00626,Doctor_626,Female,D006,ENT,MS,1,Night
DR00627,Doctor_627,Female,D007,Dermatology,DM,29,Evening
DR00628,Doctor_628,Male,D008,General Surgery,MCh,20,Morning
DR00629,Doctor_629,Female,D009,Urology,MCh,25,Night
DR00630,Doctor_630,Male,D010,Nephrology,MBBS,22,Evening
DR00631,Doctor_631,Male,D011,Gynecology,MS,14,Evening
DR00632,Doctor_632,Male,D012,Psychiatry,MBBS,4,Evening
DR00633,Doctor_633,Female,D013,Pulmonology,MS,35,Evening
DR00634,Doctor_634,Female,D014,Gastroenterology,MCh,34,Night
DR00635,Doctor_635,Female,D015,Emergency,DM,30,Evening
DR00636,Doctor_636,Male,D016,Radiology,MCh,23,Evening
DR00637,Doctor_637,Male,D017,ICU,MBBS,34,Morning
DR00638,Doctor_638,Male,D018,Ophthalmology,DM,24,Night
DR00639,Doctor_639,Female,D019,Endocrinology,MCh,10,Morning
DR00640,Doctor_640,Female,D020,Dental,DM,26,Evening
DR00641,Doctor_641,Female,D001,Cardiology,MCh,6,Morning
DR00642,Doctor_642,Female,D002,Neurology,MS,24,Morning
DR00643,Doctor_643,Female,D003,Orthopedics,MCh,12,Morning
DR00644,Doctor_644,Female,D004,Pediatrics,MS,33,Evening
DR00645,Doctor_645,Male,D005,Oncology,MCh,19,Night
DR00646,Doctor_646,Male,D006,ENT,MCh,13,Evening
DR00647,Doctor_647,Male,D007,Dermatology,MBBS,7,Evening
DR00648,Doctor_648,Male,D008,General Surgery,DM,1,Morning
DR00649,Doctor_649,Female,D009,Urology,MCh,1,Evening
DR00650,Doctor_650,Female,D010,Nephrology,MBBS,1,Night
DR00651,Doctor_651,Male,D011,Gynecology,MD,12,Evening
DR00652,Doctor_652,Female,D012,Psychiatry,MCh,33,Morning
DR00653,Doctor_653,Male,D013,Pulmonology,DM,8,Morning
DR00654,Doctor_654,Male,D014,Gastroenterology,MCh,33,Morning
DR00655,Doctor_655,Male,D015,Emergency,MBBS,5,Morning
DR00656,Doctor_656,Female,D016,Radiology,DM,28,Morning
DR00657,Doctor_657,Male,D017,ICU,MCh,21,Morning
DR00658,Doctor_658,Male,D018,Ophthalmology,MS,18,Morning
DR00659,Doctor_659,Male,D019,Endocrinology,MS,7,Night
DR00660,Doctor_660,Male,D020,Dental,MS,13,Evening
DR00661,Doctor_661,Female,D001,Cardiology,MBBS,4,Morning
DR00662,Doctor_662,Female,D002,Neurology,MCh,3,Evening
DR00663,Doctor_663,Male,D003,Orthopedics,MCh,16,Morning
DR00664,Doctor_664,Male,D004,Pediatrics,MBBS,11,Night
DR00665,Doctor_665,Male,D005,Oncology,MS,1,Evening
DR00666,Doctor_666,Female,D006,ENT,DM,17,Evening
DR00667,Doctor_667,Male,D007,Dermatology,MD,25,Night
DR00668,Doctor_668,Male,D008,General Surgery,DM,20,Evening
DR00669,Doctor_669,Female,D009,Urology,MBBS,16,Morning
DR00670,Doctor_670,Male,D010,Nephrology,MD,23,Evening
DR00671,Doctor_671,Male,D011,Gynecology,MBBS,19,Evening
DR00672,Doctor_672,Female,D012,Psychiatry,MBBS,22,Night
DR00673,Doctor_673,Female,D013,Pulmonology,MS,26,Night
DR00674,Doctor_674,Male,D014,Gastroenterology,MBBS,28,Evening
DR00675,Doctor_675,Male,D015,Emergency,DM,13,Evening
DR00676,Doctor_676,Female,D016,Radiology,MS,16,Evening
DR00677,Doctor_677,Male,D017,ICU,MS,2,Evening
DR00678,Doctor_678,Male,D018,Ophthalmology,MD,9,Morning
DR00679,Doctor_679,Male,D019,Endocrinology,MS,35,Morning
DR00680,Doctor_680,Female,D020,Dental,DM,16,Morning
DR00681,Doctor_681,Female,D001,Cardiology,MS,14,Night
DR00682,Doctor_682,Female,D002,Neurology,DM,14,Evening
DR00683,Doctor_683,Female,D003,Orthopedics,MCh,14,Morning
DR00684,Doctor_684,Female,D004,Pediatrics,MD,17,Night
DR00685,Doctor_685,Female,D005,Oncology,MCh,24,Night
DR00686,Doctor_686,Male,D006,ENT,DM,33,Morning
DR00687,Doctor_687,Male,D007,Dermatology,MBBS,33,Morning
DR00688,Doctor_688,Female,D008,General Surgery,DM,2,Night
DR00689,Doctor_689,Male,D009,Urology,MS,1,Evening
DR00690,Doctor_690,Male,D010,Nephrology,MD,15,Evening
DR00691,Doctor_691,Male,D011,Gynecology,MBBS,5,Night
DR00692,Doctor_692,Female,D012,Psychiatry,MCh,20,Morning
DR00693,Doctor_693,Male,D013,Pulmonology,MS,6,Morning
DR00694,Doctor_694,Female,D014,Gastroenterology,MD,26,Evening
DR00695,Doctor_695,Female,D015,Emergency,DM,30,Night
DR00696,Doctor_696,Male,D016,Radiology,MS,12,Morning
DR00697,Doctor_697,Female,D017,ICU,MS,27,Morning
DR00698,Doctor_698,Female,D018,Ophthalmology,MD,26,Evening
DR00699,Doctor_699,Male,D019,Endocrinology,MD,19,Morning
DR00700,Doctor_700,Female,D020,Dental,MCh,15,Night
DR00701,Doctor_701,Male,D001,Cardiology,DM,3,Night
DR00702,Doctor_702,Male,D002,Neurology,DM,13,Evening
DR00703,Doctor_703,Male,D003,Orthopedics,DM,3,Night
DR00704,Doctor_704,Female,D004,Pediatrics,MD,15,Night
DR00705,Doctor_705,Female,D005,Oncology,MCh,17,Evening
DR00706,Doctor_706,Female,D006,ENT,MBBS,8,Night
DR00707,Doctor_707,Female,D007,Dermatology,MBBS,4,Morning
DR00708,Doctor_708,Male,D008,General Surgery,MBBS,21,Morning
DR00709,Doctor_709,Female,D009,Urology,MBBS,27,Night
DR00710,Doctor_710,Female,D010,Nephrology,MCh,15,Evening
DR00711,Doctor_711,Male,D011,Gynecology,MS,28,Evening
DR00712,Doctor_712,Female,D012,Psychiatry,MCh,29,Night
DR00713,Doctor_713,Male,D013,Pulmonology,MD,28,Night
DR00714,Doctor_714,Male,D014,Gastroenterology,DM,13,Morning
DR00715,Doctor_715,Female,D015,Emergency,MD,35,Morning
DR00716,Doctor_716,Male,D016,Radiology,MCh,17,Morning
DR00717,Doctor_717,Male,D017,ICU,MD,23,Evening
DR00718,Doctor_718,Female,D018,Ophthalmology,MBBS,13,Night
DR00719,Doctor_719,Female,D019,Endocrinology,MD,9,Night
DR00720,Doctor_720,Female,D020,Dental,DM,16,Night
DR00721,Doctor_721,Male,D001,Cardiology,MBBS,33,Night
DR00722,Doctor_722,Female,D002,Neurology,MD,23,Night
DR00723,Doctor_723,Female,D003,Orthopedics,MD,10,Night
DR00724,Doctor_724,Male,D004,Pediatrics,MS,8,Night
DR00725,Doctor_725,Female,D005,Oncology,MD,10,Night
DR00726,Doctor_726,Female,D006,ENT,DM,14,Morning
DR00727,Doctor_727,Female,D007,Dermatology,MBBS,24,Evening
DR00728,Doctor_728,Male,D008,General Surgery,MBBS,4,Evening
DR00729,Doctor_729,Female,D009,Urology,MD,8,Night
DR00730,Doctor_730,Female,D010,Nephrology,DM,8,Morning
DR00731,Doctor_731,Female,D011,Gynecology,DM,30,Night
DR00732,Doctor_732,Female,D012,Psychiatry,MS,11,Night
DR00733,Doctor_733,Male,D013,Pulmonology,MBBS,1,Evening
DR00734,Doctor_734,Female,D014,Gastroenterology,MBBS,22,Night
DR00735,Doctor_735,Female,D015,Emergency,MBBS,32,Evening
DR00736,Doctor_736,Female,D016,Radiology,MD,35,Evening
DR00737,Doctor_737,Male,D017,ICU,MS,6,Night
DR00738,Doctor_738,Female,D018,Ophthalmology,MCh,17,Night
DR00739,Doctor_739,Male,D019,Endocrinology,MBBS,9,Night
DR00740,Doctor_740,Male,D020,Dental,MBBS,26,Morning
DR00741,Doctor_741,Female,D001,Cardiology,MS,12,Night
DR00742,Doctor_742,Male,D002,Neurology,MBBS,20,Night
DR00743,Doctor_743,Female,D003,Orthopedics,DM,12,Night
DR00744,Doctor_744,Female,D004,Pediatrics,MS,15,Evening
DR00745,Doctor_745,Male,D005,Oncology,MCh,24,Evening
DR00746,Doctor_746,Male,D006,ENT,MBBS,3,Morning
DR00747,Doctor_747,Female,D007,Dermatology,MBBS,14,Evening
DR00748,Doctor_748,Female,D008,General Surgery,DM,11,Evening
DR00749,Doctor_749,Male,D009,Urology,MD,15,Morning
DR00750,Doctor_750,Male,D010,Nephrology,DM,26,Morning
DR00751,Doctor_751,Male,D011,Gynecology,DM,31,Morning
DR00752,Doctor_752,Male,D012,Psychiatry,MS,1,Morning
DR00753,Doctor_753,Female,D013,Pulmonology,MD,19,Morning
DR00754,Doctor_754,Male,D014,Gastroenterology,MCh,27,Evening
DR00755,Doctor_755,Male,D015,Emergency,DM,1,Night
DR00756,Doctor_756,Male,D016,Radiology,MD,25,Evening
DR00757,Doctor_757,Male,D017,ICU,DM,23,Night
DR00758,Doctor_758,Male,D018,Ophthalmology,DM,6,Night
DR00759,Doctor_759,Female,D019,Endocrinology,MCh,30,Evening
DR00760,Doctor_760,Male,D020,Dental,DM,6,Morning
DR00761,Doctor_761,Female,D001,Cardiology,MCh,20,Night
DR00762,Doctor_762,Female,D002,Neurology,MS,31,Night
DR00763,Doctor_763,Male,D003,Orthopedics,MS,22,Night
DR00764,Doctor_764,Male,D004,Pediatrics,MD,15,Night
DR00765,Doctor_765,Female,D005,Oncology,MBBS,10,Night
DR00766,Doctor_766,Female,D006,ENT,MCh,27,Evening
DR00767,Doctor_767,Male,D007,Dermatology,MCh,29,Evening
DR00768,Doctor_768,Female,D008,General Surgery,MBBS,15,Morning
DR00769,Doctor_769,Male,D009,Urology,MCh,8,Morning
DR00770,Doctor_770,Female,D010,Nephrology,MBBS,13,Night
DR00771,Doctor_771,Female,D011,Gynecology,DM,15,Night
DR00772,Doctor_772,Female,D012,Psychiatry,MD,35,Night
DR00773,Doctor_773,Male,D013,Pulmonology,MCh,6,Evening
DR00774,Doctor_774,Male,D014,Gastroenterology,DM,9,Night
DR00775,Doctor_775,Male,D015,Emergency,MCh,7,Evening
DR00776,Doctor_776,Female,D016,Radiology,MCh,11,Morning
DR00777,Doctor_777,Female,D017,ICU,MBBS,9,Evening
DR00778,Doctor_778,Male,D018,Ophthalmology,DM,16,Morning
DR00779,Doctor_779,Female,D019,Endocrinology,MBBS,1,Night
DR00780,Doctor_780,Male,D020,Dental,DM,20,Morning
DR00781,Doctor_781,Male,D001,Cardiology,DM,6,Night
DR00782,Doctor_782,Male,D002,Neurology,MCh,8,Night
DR00783,Doctor_783,Female,D003,Orthopedics,MD,24,Night
DR00784,Doctor_784,Female,D004,Pediatrics,MBBS,17,Morning
DR00785,Doctor_785,Male,D005,Oncology,MS,33,Night
DR00786,Doctor_786,Female,D006,ENT,DM,3,Night
DR00787,Doctor_787,Female,D007,Dermatology,MBBS,23,Night
DR00788,Doctor_788,Female,D008,General Surgery,MCh,8,Morning
DR00789,Doctor_789,Male,D009,Urology,MS,23,Morning
DR00790,Doctor_790,Female,D010,Nephrology,MBBS,29,Morning
DR00791,Doctor_791,Male,D011,Gynecology,DM,8,Morning
DR00792,Doctor_792,Female,D012,Psychiatry,MD,10,Night
DR00793,Doctor_793,Female,D013,Pulmonology,DM,10,Night
DR00794,Doctor_794,Female,D014,Gastroenterology,MCh,18,Evening
DR00795,Doctor_795,Male,D015,Emergency,MBBS,22,Morning
DR00796,Doctor_796,Female,D016,Radiology,MCh,31,Morning
DR00797,Doctor_797,Male,D017,ICU,MBBS,12,Night
DR00798,Doctor_798,Female,D018,Ophthalmology,DM,11,Night
DR00799,Doctor_799,Female,D019,Endocrinology,DM,15,Night
DR00800,Doctor_800,Male,D020,Dental,MS,22,Night
DR00801,Doctor_801,Male,D001,Cardiology,MS,9,Night
DR00802,Doctor_802,Male,D002,Neurology,MD,11,Evening
DR00803,Doctor_803,Female,D003,Orthopedics,MS,30,Evening
DR00804,Doctor_804,Female,D004,Pediatrics,MS,1,Evening
DR00805,Doctor_805,Female,D005,Oncology,MS,15,Morning
DR00806,Doctor_806,Male,D006,ENT,DM,3,Night
DR00807,Doctor_807,Male,D007,Dermatology,MD,18,Evening
DR00808,Doctor_808,Female,D008,General Surgery,MBBS,33,Evening
DR00809,Doctor_809,Female,D009,Urology,MCh,34,Night
DR00810,Doctor_810,Male,D010,Nephrology,MBBS,7,Morning
DR00811,Doctor_811,Female,D011,Gynecology,MCh,7,Evening
DR00812,Doctor_812,Female,D012,Psychiatry,MD,10,Night
DR00813,Doctor_813,Male,D013,Pulmonology,MS,22,Night
DR00814,Doctor_814,Female,D014,Gastroenterology,MCh,16,Evening
DR00815,Doctor_815,Female,D015,Emergency,MS,4,Night
DR00816,Doctor_816,Female,D016,Radiology,MS,31,Night
DR00817,Doctor_817,Female,D017,ICU,MD,16,Evening
DR00818,Doctor_818,Male,D018,Ophthalmology,MD,14,Morning
DR00819,Doctor_819,Female,D019,Endocrinology,DM,29,Evening
DR00820,Doctor_820,Female,D020,Dental,MD,5,Morning
DR00821,Doctor_821,Female,D001,Cardiology,MS,17,Night
DR00822,Doctor_822,Female,D002,Neurology,MBBS,13,Night
DR00823,Doctor_823,Male,D003,Orthopedics,MCh,12,Evening
DR00824,Doctor_824,Female,D004,Pediatrics,DM,23,Night
DR00825,Doctor_825,Female,D005,Oncology,MBBS,32,Evening
DR00826,Doctor_826,Male,D006,ENT,MS,17,Night
DR00827,Doctor_827,Male,D007,Dermatology,MD,18,Morning
DR00828,Doctor_828,Male,D008,General Surgery,MD,4,Evening
DR00829,Doctor_829,Female,D009,Urology,MD,19,Night
DR00830,Doctor_830,Male,D010,Nephrology,MD,16,Night
DR00831,Doctor_831,Male,D011,Gynecology,MD,4,Morning
DR00832,Doctor_832,Male,D012,Psychiatry,MCh,22,Night
DR00833,Doctor_833,Male,D013,Pulmonology,MBBS,13,Evening
DR00834,Doctor_834,Male,D014,Gastroenterology,MS,2,Morning
DR00835,Doctor_835,Female,D015,Emergency,MS,2,Night
DR00836,Doctor_836,Female,D016,Radiology,DM,22,Morning
DR00837,Doctor_837,Male,D017,ICU,DM,3,Morning
DR00838,Doctor_838,Female,D018,Ophthalmology,DM,26,Evening
DR00839,Doctor_839,Female,D019,Endocrinology,MBBS,2,Evening
DR00840,Doctor_840,Female,D020,Dental,MBBS,27,Night
DR00841,Doctor_841,Female,D001,Cardiology,MD,6,Morning
DR00842,Doctor_842,Male,D002,Neurology,MD,10,Night
DR00843,Doctor_843,Male,D003,Orthopedics,MS,24,Evening
DR00844,Doctor_844,Female,D004,Pediatrics,MCh,10,Night
DR00845,Doctor_845,Female,D005,Oncology,MD,17,Night
DR00846,Doctor_846,Female,D006,ENT,MBBS,20,Night
DR00847,Doctor_847,Female,D007,Dermatology,MCh,18,Evening
DR00848,Doctor_848,Female,D008,General Surgery,MD,17,Morning
DR00849,Doctor_849,Female,D009,Urology,MBBS,24,Morning
DR00850,Doctor_850,Male,D010,Nephrology,DM,6,Morning
DR00851,Doctor_851,Male,D011,Gynecology,MBBS,4,Night
DR00852,Doctor_852,Male,D012,Psychiatry,MCh,12,Evening
DR00853,Doctor_853,Female,D013,Pulmonology,MD,12,Night
DR00854,Doctor_854,Male,D014,Gastroenterology,MCh,2,Evening
DR00855,Doctor_855,Male,D015,Emergency,DM,32,Morning
DR00856,Doctor_856,Female,D016,Radiology,DM,30,Morning
DR00857,Doctor_857,Female,D017,ICU,MBBS,7,Night
DR00858,Doctor_858,Male,D018,Ophthalmology,MBBS,26,Night
DR00859,Doctor_859,Female,D019,Endocrinology,MBBS,15,Night
DR00860,Doctor_860,Female,D020,Dental,DM,25,Night
DR00861,Doctor_861,Male,D001,Cardiology,MBBS,17,Morning
DR00862,Doctor_862,Female,D002,Neurology,DM,16,Morning
DR00863,Doctor_863,Female,D003,Orthopedics,MD,21,Evening
DR00864,Doctor_864,Female,D004,Pediatrics,MS,32,Morning
DR00865,Doctor_865,Male,D005,Oncology,DM,18,Morning
DR00866,Doctor_866,Female,D006,ENT,MS,6,Evening
DR00867,Doctor_867,Male,D007,Dermatology,DM,16,Morning
DR00868,Doctor_868,Female,D008,General Surgery,MCh,29,Morning
DR00869,Doctor_869,Male,D009,Urology,MD,24,Morning
DR00870,Doctor_870,Female,D010,Nephrology,MD,28,Morning
DR00871,Doctor_871,Female,D011,Gynecology,MBBS,8,Morning
DR00872,Doctor_872,Male,D012,Psychiatry,MD,20,Morning
DR00873,Doctor_873,Female,D013,Pulmonology,MBBS,11,Evening
DR00874,Doctor_874,Female,D014,Gastroenterology,MBBS,27,Evening
DR00875,Doctor_875,Female,D015,Emergency,MS,3,Night
DR00876,Doctor_876,Male,D016,Radiology,MD,1,Morning
DR00877,Doctor_877,Male,D017,ICU,MCh,15,Night
DR00878,Doctor_878,Female,D018,Ophthalmology,MBBS,2,Morning
DR00879,Doctor_879,Female,D019,Endocrinology,MBBS,8,Morning
DR00880,Doctor_880,Female,D020,Dental,MD,34,Evening
DR00881,Doctor_881,Male,D001,Cardiology,MD,15,Night
DR00882,Doctor_882,Male,D002,Neurology,MCh,33,Morning
DR00883,Doctor_883,Female,D003,Orthopedics,DM,5,Evening
DR00884,Doctor_884,Male,D004,Pediatrics,MD,5,Evening
DR00885,Doctor_885,Male,D005,Oncology,MBBS,17,Evening
DR00886,Doctor_886,Male,D006,ENT,MBBS,13,Night
DR00887,Doctor_887,Male,D007,Dermatology,DM,24,Evening
DR00888,Doctor_888,Male,D008,General Surgery,MS,3,Night
DR00889,Doctor_889,Female,D009,Urology,MCh,19,Night
DR00890,Doctor_890,Female,D010,Nephrology,DM,18,Evening
DR00891,Doctor_891,Female,D011,Gynecology,MS,35,Evening
DR00892,Doctor_892,Female,D012,Psychiatry,MD,25,Evening
DR00893,Doctor_893,Female,D013,Pulmonology,MD,1,Morning
DR00894,Doctor_894,Female,D014,Gastroenterology,MCh,25,Morning
DR00895,Doctor_895,Male,D015,Emergency,MBBS,6,Night
DR00896,Doctor_896,Male,D016,Radiology,MBBS,26,Night
DR00897,Doctor_897,Female,D017,ICU,DM,21,Evening
DR00898,Doctor_898,Male,D018,Ophthalmology,DM,31,Night
DR00899,Doctor_899,Female,D019,Endocrinology,MCh,35,Evening
DR00900,Doctor_900,Male,D020,Dental,DM,23,Night
DR00901,Doctor_901,Male,D001,Cardiology,DM,34,Evening
DR00902,Doctor_902,Female,D002,Neurology,MBBS,35,Night
DR00903,Doctor_903,Male,D003,Orthopedics,MCh,17,Evening
DR00904,Doctor_904,Female,D004,Pediatrics,MS,34,Night
DR00905,Doctor_905,Female,D005,Oncology,MCh,15,Morning
DR00906,Doctor_906,Male,D006,ENT,MCh,24,Night
DR00907,Doctor_907,Male,D007,Dermatology,MCh,11,Evening
DR00908,Doctor_908,Male,D008,General Surgery,MD,10,Night
DR00909,Doctor_909,Female,D009,Urology,MD,3,Evening
DR00910,Doctor_910,Female,D010,Nephrology,MS,28,Morning
DR00911,Doctor_911,Female,D011,Gynecology,MD,17,Evening
DR00912,Doctor_912,Male,D012,Psychiatry,MS,23,Night
DR00913,Doctor_913,Female,D013,Pulmonology,DM,6,Evening
DR00914,Doctor_914,Female,D014,Gastroenterology,MS,29,Night
DR00915,Doctor_915,Male,D015,Emergency,DM,31,Night
DR00916,Doctor_916,Male,D016,Radiology,MCh,10,Morning
DR00917,Doctor_917,Male,D017,ICU,MS,32,Night
DR00918,Doctor_918,Male,D018,Ophthalmology,MCh,24,Night
DR00919,Doctor_919,Female,D019,Endocrinology,DM,17,Morning
DR00920,Doctor_920,Male,D020,Dental,MBBS,17,Morning
DR00921,Doctor_921,Male,D001,Cardiology,MS,35,Evening
DR00922,Doctor_922,Female,D002,Neurology,MS,16,Evening
DR00923,Doctor_923,Female,D003,Orthopedics,MBBS,34,Night
DR00924,Doctor_924,Female,D004,Pediatrics,MBBS,13,Morning
DR00925,Doctor_925,Female,D005,Oncology,MS,24,Morning
DR00926,Doctor_926,Female,D006,ENT,DM,24,Morning
DR00927,Doctor_927,Female,D007,Dermatology,DM,28,Night
DR00928,Doctor_928,Female,D008,General Surgery,MS,16,Evening
DR00929,Doctor_929,Male,D009,Urology,MCh,13,Night
DR00930,Doctor_930,Female,D010,Nephrology,MBBS,14,Evening
DR00931,Doctor_931,Male,D011,Gynecology,MBBS,29,Evening
DR00932,Doctor_932,Female,D012,Psychiatry,MCh,27,Evening
DR00933,Doctor_933,Male,D013,Pulmonology,MBBS,30,Evening
DR00934,Doctor_934,Female,D014,Gastroenterology,DM,31,Morning
DR00935,Doctor_935,Male,D015,Emergency,DM,26,Evening
DR00936,Doctor_936,Male,D016,Radiology,MCh,1,Night
DR00937,Doctor_937,Male,D017,ICU,MD,26,Night
DR00938,Doctor_938,Male,D018,Ophthalmology,MS,22,Evening
DR00939,Doctor_939,Female,D019,Endocrinology,MBBS,6,Morning
DR00940,Doctor_940,Male,D020,Dental,MCh,1,Morning
DR00941,Doctor_941,Female,D001,Cardiology,MBBS,14,Night
DR00942,Doctor_942,Female,D002,Neurology,MBBS,13,Night
DR00943,Doctor_943,Female,D003,Orthopedics,DM,4,Night
DR00944,Doctor_944,Female,D004,Pediatrics,MCh,9,Evening
DR00945,Doctor_945,Male,D005,Oncology,MD,21,Evening
DR00946,Doctor_946,Male,D006,ENT,MCh,1,Morning
DR00947,Doctor_947,Female,D007,Dermatology,MCh,17,Morning
DR00948,Doctor_948,Female,D008,General Surgery,DM,17,Night
DR00949,Doctor_949,Female,D009,Urology,MCh,26,Night
DR00950,Doctor_950,Female,D010,Nephrology,MBBS,20,Evening
DR00951,Doctor_951,Male,D011,Gynecology,DM,28,Night
DR00952,Doctor_952,Female,D012,Psychiatry,MS,13,Morning
DR00953,Doctor_953,Male,D013,Pulmonology,MD,35,Night
DR00954,Doctor_954,Female,D014,Gastroenterology,DM,32,Night
DR00955,Doctor_955,Male,D015,Emergency,MS,22,Morning
DR00956,Doctor_956,Female,D016,Radiology,MCh,4,Night
DR00957,Doctor_957,Female,D017,ICU,MBBS,35,Morning
DR00958,Doctor_958,Female,D018,Ophthalmology,MCh,21,Morning
DR00959,Doctor_959,Female,D019,Endocrinology,MD,29,Evening
DR00960,Doctor_960,Male,D020,Dental,MD,30,Evening
DR00961,Doctor_961,Female,D001,Cardiology,MD,14,Morning
DR00962,Doctor_962,Male,D002,Neurology,DM,8,Morning
DR00963,Doctor_963,Male,D003,Orthopedics,MBBS,32,Morning
DR00964,Doctor_964,Male,D004,Pediatrics,MCh,11,Evening
DR00965,Doctor_965,Male,D005,Oncology,MS,14,Night
DR00966,Doctor_966,Male,D006,ENT,MD,14,Night
DR00967,Doctor_967,Male,D007,Dermatology,DM,7,Morning
DR00968,Doctor_968,Male,D008,General Surgery,MBBS,27,Morning
DR00969,Doctor_969,Female,D009,Urology,DM,28,Morning
DR00970,Doctor_970,Male,D010,Nephrology,MD,3,Morning
DR00971,Doctor_971,Female,D011,Gynecology,MS,15,Night
DR00972,Doctor_972,Female,D012,Psychiatry,MCh,10,Evening
DR00973,Doctor_973,Female,D013,Pulmonology,MS,14,Morning
DR00974,Doctor_974,Male,D014,Gastroenterology,DM,3,Evening
DR00975,Doctor_975,Female,D015,Emergency,MD,19,Morning
DR00976,Doctor_976,Male,D016,Radiology,MD,30,Morning
DR00977,Doctor_977,Male,D017,ICU,DM,22,Night
DR00978,Doctor_978,Female,D018,Ophthalmology,MBBS,3,Evening
DR00979,Doctor_979,Male,D019,Endocrinology,MD,34,Night
DR00980,Doctor_980,Male,D020,Dental,MS,32,Evening
DR00981,Doctor_981,Male,D001,Cardiology,DM,6,Morning
DR00982,Doctor_982,Female,D002,Neurology,MS,20,Night
DR00983,Doctor_983,Male,D003,Orthopedics,MD,9,Evening
DR00984,Doctor_984,Female,D004,Pediatrics,MD,20,Morning
DR00985,Doctor_985,Male,D005,Oncology,MBBS,23,Morning
DR00986,Doctor_986,Male,D006,ENT,MS,4,Morning
DR00987,Doctor_987,Female,D007,Dermatology,MS,29,Evening
DR00988,Doctor_988,Male,D008,General Surgery,MS,24,Morning
DR00989,Doctor_989,Male,D009,Urology,MS,5,Night
DR00990,Doctor_990,Female,D010,Nephrology,MBBS,8,Morning
DR00991,Doctor_991,Female,D011,Gynecology,DM,3,Morning
DR00992,Doctor_992,Male,D012,Psychiatry,MCh,7,Evening
DR00993,Doctor_993,Male,D013,Pulmonology,DM,23,Morning
DR00994,Doctor_994,Female,D014,Gastroenterology,MD,24,Morning
DR00995,Doctor_995,Male,D015,Emergency,MS,1,Night
DR00996,Doctor_996,Female,D016,Radiology,MS,10,Evening
DR00997,Doctor_997,Male,D017,ICU,MBBS,16,Morning
DR00998,Doctor_998,Male,D018,Ophthalmology,DM,18,Night
DR00999,Doctor_999,Male,D019,Endocrinology,MS,30,Morning
DR01000,Doctor_1000,Male,D020,Dental,MCh,35,Morning
DR01001,Doctor_1001,Female,D001,Cardiology,MS,13,Evening
DR01002,Doctor_1002,Female,D002,Neurology,MCh,14,Morning
DR01003,Doctor_1003,Male,D003,Orthopedics,MCh,33,Morning
DR01004,Doctor_1004,Male,D004,Pediatrics,MBBS,7,Morning
DR01005,Doctor_1005,Female,D005,Oncology,MCh,14,Night
DR01006,Doctor_1006,Male,D006,ENT,MBBS,11,Morning
DR01007,Doctor_1007,Female,D007,Dermatology,MBBS,28,Evening
DR01008,Doctor_1008,Male,D008,General Surgery,MS,8,Morning
DR01009,Doctor_1009,Male,D009,Urology,MD,16,Night
DR01010,Doctor_1010,Male,D010,Nephrology,MD,5,Night
DR01011,Doctor_1011,Female,D011,Gynecology,MBBS,3,Morning
DR01012,Doctor_1012,Male,D012,Psychiatry,MS,22,Morning
DR01013,Doctor_1013,Female,D013,Pulmonology,MCh,12,Morning
DR01014,Doctor_1014,Female,D014,Gastroenterology,DM,27,Morning
DR01015,Doctor_1015,Male,D015,Emergency,MD,10,Night
DR01016,Doctor_1016,Male,D016,Radiology,MD,23,Morning
DR01017,Doctor_1017,Male,D017,ICU,MD,15,Night
DR01018,Doctor_1018,Female,D018,Ophthalmology,MBBS,1,Evening
DR01019,Doctor_1019,Male,D019,Endocrinology,DM,34,Evening
DR01020,Doctor_1020,Male,D020,Dental,MCh,5,Morning
DR01021,Doctor_1021,Male,D001,Cardiology,MS,27,Morning
DR01022,Doctor_1022,Female,D002,Neurology,MCh,11,Evening
DR01023,Doctor_1023,Female,D003,Orthopedics,MD,17,Night
DR01024,Doctor_1024,Female,D004,Pediatrics,MBBS,30,Night
DR01025,Doctor_1025,Male,D005,Oncology,DM,25,Night
DR01026,Doctor_1026,Female,D006,ENT,MCh,35,Night
DR01027,Doctor_1027,Male,D007,Dermatology,MBBS,17,Morning
DR01028,Doctor_1028,Male,D008,General Surgery,MD,30,Night
DR01029,Doctor_1029,Male,D009,Urology,DM,4,Evening
DR01030,Doctor_1030,Female,D010,Nephrology,MS,25,Evening
DR01031,Doctor_1031,Male,D011,Gynecology,MD,22,Night
DR01032,Doctor_1032,Female,D012,Psychiatry,MS,1,Evening
DR01033,Doctor_1033,Female,D013,Pulmonology,MCh,2,Morning
DR01034,Doctor_1034,Female,D014,Gastroenterology,DM,27,Night
DR01035,Doctor_1035,Female,D015,Emergency,DM,10,Evening
DR01036,Doctor_1036,Male,D016,Radiology,MBBS,23,Evening
DR01037,Doctor_1037,Female,D017,ICU,MCh,3,Evening
DR01038,Doctor_1038,Female,D018,Ophthalmology,MBBS,18,Morning
DR01039,Doctor_1039,Female,D019,Endocrinology,DM,35,Morning
DR01040,Doctor_1040,Male,D020,Dental,MD,3,Evening
DR01041,Doctor_1041,Male,D001,Cardiology,DM,18,Evening
DR01042,Doctor_1042,Male,D002,Neurology,MS,11,Morning
DR01043,Doctor_1043,Female,D003,Orthopedics,MCh,26,Evening
DR01044,Doctor_1044,Female,D004,Pediatrics,MS,33,Night
DR01045,Doctor_1045,Male,D005,Oncology,MD,26,Night
DR01046,Doctor_1046,Male,D006,ENT,MBBS,12,Morning
DR01047,Doctor_1047,Male,D007,Dermatology,DM,17,Night
DR01048,Doctor_1048,Female,D008,General Surgery,MBBS,33,Night
DR01049,Doctor_1049,Female,D009,Urology,MD,17,Night
DR01050,Doctor_1050,Female,D010,Nephrology,MBBS,33,Night
DR01051,Doctor_1051,Female,D011,Gynecology,DM,18,Evening
DR01052,Doctor_1052,Female,D012,Psychiatry,MS,25,Night
DR01053,Doctor_1053,Male,D013,Pulmonology,DM,32,Evening
DR01054,Doctor_1054,Male,D014,Gastroenterology,MBBS,8,Night
DR01055,Doctor_1055,Female,D015,Emergency,DM,20,Night
DR01056,Doctor_1056,Male,D016,Radiology,MCh,30,Morning
DR01057,Doctor_1057,Female,D017,ICU,DM,9,Morning
DR01058,Doctor_1058,Female,D018,Ophthalmology,MD,13,Night
DR01059,Doctor_1059,Male,D019,Endocrinology,DM,12,Night
DR01060,Doctor_1060,Female,D020,Dental,MD,19,Night
DR01061,Doctor_1061,Male,D001,Cardiology,DM,27,Night
DR01062,Doctor_1062,Male,D002,Neurology,DM,32,Night
DR01063,Doctor_1063,Female,D003,Orthopedics,MS,21,Morning
DR01064,Doctor_1064,Female,D004,Pediatrics,MBBS,35,Evening
DR01065,Doctor_1065,Male,D005,Oncology,MD,34,Morning
DR01066,Doctor_1066,Male,D006,ENT,MS,34,Morning
DR01067,Doctor_1067,Female,D007,Dermatology,MBBS,20,Evening
DR01068,Doctor_1068,Female,D008,General Surgery,MD,18,Evening
DR01069,Doctor_1069,Female,D009,Urology,MD,21,Evening
DR01070,Doctor_1070,Female,D010,Nephrology,MBBS,17,Evening
DR01071,Doctor_1071,Female,D011,Gynecology,MS,25,Evening
DR01072,Doctor_1072,Female,D012,Psychiatry,MBBS,14,Night
DR01073,Doctor_1073,Female,D013,Pulmonology,MCh,27,Night
DR01074,Doctor_1074,Male,D014,Gastroenterology,MS,3,Morning
DR01075,Doctor_1075,Female,D015,Emergency,MCh,31,Night
DR01076,Doctor_1076,Female,D016,Radiology,MBBS,18,Evening
DR01077,Doctor_1077,Female,D017,ICU,DM,34,Evening
DR01078,Doctor_1078,Male,D018,Ophthalmology,MS,29,Morning
DR01079,Doctor_1079,Male,D019,Endocrinology,MCh,20,Evening
DR01080,Doctor_1080,Female,D020,Dental,MS,16,Morning
DR01081,Doctor_1081,Male,D001,Cardiology,MCh,27,Night
DR01082,Doctor_1082,Male,D002,Neurology,MS,11,Night
DR01083,Doctor_1083,Male,D003,Orthopedics,MBBS,26,Evening
DR01084,Doctor_1084,Female,D004,Pediatrics,DM,26,Evening
DR01085,Doctor_1085,Female,D005,Oncology,MS,12,Night
DR01086,Doctor_1086,Male,D006,ENT,MCh,34,Evening
DR01087,Doctor_1087,Female,D007,Dermatology,MD,14,Evening
DR01088,Doctor_1088,Male,D008,General Surgery,DM,5,Night
DR01089,Doctor_1089,Male,D009,Urology,MCh,16,Night
DR01090,Doctor_1090,Female,D010,Nephrology,DM,14,Night
DR01091,Doctor_1091,Female,D011,Gynecology,MD,10,Morning
DR01092,Doctor_1092,Male,D012,Psychiatry,MCh,8,Evening
DR01093,Doctor_1093,Male,D013,Pulmonology,DM,19,Morning
DR01094,Doctor_1094,Female,D014,Gastroenterology,MCh,18,Night
DR01095,Doctor_1095,Male,D015,Emergency,MCh,33,Evening
DR01096,Doctor_1096,Male,D016,Radiology,MD,20,Morning
DR01097,Doctor_1097,Female,D017,ICU,MCh,6,Evening
DR01098,Doctor_1098,Male,D018,Ophthalmology,MCh,5,Morning
DR01099,Doctor_1099,Female,D019,Endocrinology,MD,1,Evening
DR01100,Doctor_1100,Male,D020,Dental,DM,18,Night
DR01101,Doctor_1101,Male,D001,Cardiology,DM,3,Morning
DR01102,Doctor_1102,Female,D002,Neurology,MBBS,31,Morning
DR01103,Doctor_1103,Female,D003,Orthopedics,MS,22,Night
DR01104,Doctor_1104,Male,D004,Pediatrics,MD,14,Evening
DR01105,Doctor_1105,Male,D005,Oncology,MD,12,Morning
DR01106,Doctor_1106,Female,D006,ENT,DM,24,Morning
DR01107,Doctor_1107,Female,D007,Dermatology,MBBS,8,Evening
DR01108,Doctor_1108,Female,D008,General Surgery,MCh,27,Morning
DR01109,Doctor_1109,Male,D009,Urology,MS,35,Evening
DR01110,Doctor_1110,Female,D010,Nephrology,MBBS,31,Night
DR01111,Doctor_1111,Male,D011,Gynecology,DM,30,Night
DR01112,Doctor_1112,Female,D012,Psychiatry,MD,22,Night
DR01113,Doctor_1113,Male,D013,Pulmonology,MBBS,26,Morning
DR01114,Doctor_1114,Female,D014,Gastroenterology,MD,5,Night
DR01115,Doctor_1115,Male,D015,Emergency,DM,13,Night
DR01116,Doctor_1116,Male,D016,Radiology,MS,13,Night
DR01117,Doctor_1117,Female,D017,ICU,MBBS,2,Morning
DR01118,Doctor_1118,Female,D018,Ophthalmology,MD,27,Morning
DR01119,Doctor_1119,Female,D019,Endocrinology,MCh,23,Night
DR01120,Doctor_1120,Male,D020,Dental,MCh,21,Evening
DR01121,Doctor_1121,Female,D001,Cardiology,MBBS,3,Night
DR01122,Doctor_1122,Male,D002,Neurology,MS,27,Morning
DR01123,Doctor_1123,Female,D003,Orthopedics,MBBS,22,Morning
DR01124,Doctor_1124,Male,D004,Pediatrics,MS,31,Evening
DR01125,Doctor_1125,Male,D005,Oncology,MS,21,Evening
DR01126,Doctor_1126,Male,D006,ENT,MBBS,34,Night
DR01127,Doctor_1127,Female,D007,Dermatology,MCh,25,Morning
DR01128,Doctor_1128,Female,D008,General Surgery,MS,2,Morning
DR01129,Doctor_1129,Female,D009,Urology,MCh,28,Night
DR01130,Doctor_1130,Female,D010,Nephrology,MD,28,Morning
DR01131,Doctor_1131,Male,D011,Gynecology,MBBS,8,Morning
DR01132,Doctor_1132,Female,D012,Psychiatry,MBBS,1,Morning
DR01133,Doctor_1133,Female,D013,Pulmonology,MBBS,14,Night
DR01134,Doctor_1134,Male,D014,Gastroenterology,MS,22,Night
DR01135,Doctor_1135,Female,D015,Emergency,DM,14,Morning
DR01136,Doctor_1136,Male,D016,Radiology,MD,23,Evening
DR01137,Doctor_1137,Male,D017,ICU,MBBS,9,Morning
DR01138,Doctor_1138,Female,D018,Ophthalmology,DM,29,Morning
DR01139,Doctor_1139,Male,D019,Endocrinology,DM,11,Evening
DR01140,Doctor_1140,Male,D020,Dental,DM,31,Night
DR01141,Doctor_1141,Male,D001,Cardiology,MBBS,32,Night
DR01142,Doctor_1142,Female,D002,Neurology,MBBS,16,Morning
DR01143,Doctor_1143,Male,D003,Orthopedics,DM,15,Night
DR01144,Doctor_1144,Male,D004,Pediatrics,MD,7,Morning
DR01145,Doctor_1145,Male,D005,Oncology,MBBS,30,Morning
DR01146,Doctor_1146,Female,D006,ENT,MD,15,Night
DR01147,Doctor_1147,Male,D007,Dermatology,MCh,27,Evening
DR01148,Doctor_1148,Male,D008,General Surgery,MD,30,Morning
DR01149,Doctor_1149,Female,D009,Urology,MBBS,7,Morning
DR01150,Doctor_1150,Male,D010,Nephrology,MCh,11,Night
DR01151,Doctor_1151,Female,D011,Gynecology,MBBS,33,Evening
DR01152,Doctor_1152,Male,D012,Psychiatry,MBBS,2,Night
DR01153,Doctor_1153,Male,D013,Pulmonology,MCh,35,Morning
DR01154,Doctor_1154,Male,D014,Gastroenterology,MCh,19,Evening
DR01155,Doctor_1155,Female,D015,Emergency,MBBS,14,Morning
DR01156,Doctor_1156,Male,D016,Radiology,MCh,30,Morning
DR01157,Doctor_1157,Male,D017,ICU,MD,28,Morning
DR01158,Doctor_1158,Male,D018,Ophthalmology,MCh,34,Evening
DR01159,Doctor_1159,Male,D019,Endocrinology,MBBS,16,Morning
DR01160,Doctor_1160,Male,D020,Dental,MS,18,Evening
DR01161,Doctor_1161,Female,D001,Cardiology,MS,10,Evening
DR01162,Doctor_1162,Female,D002,Neurology,MD,1,Morning
DR01163,Doctor_1163,Male,D003,Orthopedics,MBBS,8,Night
DR01164,Doctor_1164,Male,D004,Pediatrics,MCh,25,Evening
DR01165,Doctor_1165,Female,D005,Oncology,MCh,14,Night
DR01166,Doctor_1166,Male,D006,ENT,MBBS,4,Night
DR01167,Doctor_1167,Male,D007,Dermatology,MD,28,Morning
DR01168,Doctor_1168,Male,D008,General Surgery,MCh,19,Evening
DR01169,Doctor_1169,Female,D009,Urology,MD,17,Evening
DR01170,Doctor_1170,Female,D010,Nephrology,MBBS,21,Evening
DR01171,Doctor_1171,Male,D011,Gynecology,MD,29,Morning
DR01172,Doctor_1172,Female,D012,Psychiatry,MCh,21,Evening
DR01173,Doctor_1173,Male,D013,Pulmonology,MBBS,27,Night
DR01174,Doctor_1174,Male,D014,Gastroenterology,MS,15,Night
DR01175,Doctor_1175,Female,D015,Emergency,MS,1,Morning
DR01176,Doctor_1176,Female,D016,Radiology,MBBS,35,Morning
DR01177,Doctor_1177,Male,D017,ICU,MBBS,21,Evening
DR01178,Doctor_1178,Female,D018,Ophthalmology,MS,5,Night
DR01179,Doctor_1179,Male,D019,Endocrinology,DM,11,Morning
DR01180,Doctor_1180,Male,D020,Dental,MCh,16,Evening
DR01181,Doctor_1181,Male,D001,Cardiology,MD,14,Evening
DR01182,Doctor_1182,Male,D002,Neurology,MS,28,Night
DR01183,Doctor_1183,Male,D003,Orthopedics,MD,29,Night
DR01184,Doctor_1184,Male,D004,Pediatrics,MS,26,Morning
DR01185,Doctor_1185,Female,D005,Oncology,MS,2,Morning
DR01186,Doctor_1186,Male,D006,ENT,MS,10,Night
DR01187,Doctor_1187,Male,D007,Dermatology,MCh,5,Night
DR01188,Doctor_1188,Female,D008,General Surgery,MS,5,Morning
DR01189,Doctor_1189,Male,D009,Urology,MCh,1,Morning
DR01190,Doctor_1190,Female,D010,Nephrology,MBBS,10,Night
DR01191,Doctor_1191,Male,D011,Gynecology,DM,33,Night
DR01192,Doctor_1192,Female,D012,Psychiatry,DM,12,Morning
DR01193,Doctor_1193,Female,D013,Pulmonology,MS,26,Evening
DR01194,Doctor_1194,Male,D014,Gastroenterology,DM,7,Evening
DR01195,Doctor_1195,Female,D015,Emergency,MS,14,Morning
DR01196,Doctor_1196,Female,D016,Radiology,MD,7,Morning
DR01197,Doctor_1197,Female,D017,ICU,MS,18,Night
DR01198,Doctor_1198,Male,D018,Ophthalmology,MD,5,Morning
DR01199,Doctor_1199,Male,D019,Endocrinology,MCh,20,Night
DR01200,Doctor_1200,Female,D020,Dental,MD,3,Morning
DR01201,Doctor_1201,Female,D001,Cardiology,MBBS,4,Evening
DR01202,Doctor_1202,Female,D002,Neurology,MBBS,15,Morning
DR01203,Doctor_1203,Male,D003,Orthopedics,MS,1,Evening
DR01204,Doctor_1204,Male,D004,Pediatrics,MS,24,Night
DR01205,Doctor_1205,Male,D005,Oncology,MD,24,Night
DR01206,Doctor_1206,Female,D006,ENT,MS,24,Morning
DR01207,Doctor_1207,Male,D007,Dermatology,MD,11,Evening
DR01208,Doctor_1208,Female,D008,General Surgery,MBBS,15,Night
DR01209,Doctor_1209,Male,D009,Urology,MD,25,Evening
DR01210,Doctor_1210,Male,D010,Nephrology,DM,17,Morning
DR01211,Doctor_1211,Male,D011,Gynecology,MBBS,25,Evening
DR01212,Doctor_1212,Male,D012,Psychiatry,MS,2,Evening
DR01213,Doctor_1213,Female,D013,Pulmonology,DM,8,Morning
DR01214,Doctor_1214,Female,D014,Gastroenterology,MCh,32,Morning
DR01215,Doctor_1215,Female,D015,Emergency,MBBS,32,Evening
DR01216,Doctor_1216,Male,D016,Radiology,MD,28,Evening
DR01217,Doctor_1217,Male,D017,ICU,MBBS,13,Morning
DR01218,Doctor_1218,Female,D018,Ophthalmology,MS,29,Evening
DR01219,Doctor_1219,Male,D019,Endocrinology,MS,4,Morning
DR01220,Doctor_1220,Male,D020,Dental,DM,14,Night
DR01221,Doctor_1221,Female,D001,Cardiology,MBBS,4,Evening
DR01222,Doctor_1222,Male,D002,Neurology,MD,34,Morning
DR01223,Doctor_1223,Female,D003,Orthopedics,MD,7,Morning
DR01224,Doctor_1224,Female,D004,Pediatrics,MS,30,Evening
DR01225,Doctor_1225,Male,D005,Oncology,MBBS,29,Night
DR01226,Doctor_1226,Female,D006,ENT,MBBS,14,Evening
DR01227,Doctor_1227,Female,D007,Dermatology,MBBS,8,Night
DR01228,Doctor_1228,Female,D008,General Surgery,DM,17,Morning
DR01229,Doctor_1229,Male,D009,Urology,MCh,2,Night
DR01230,Doctor_1230,Female,D010,Nephrology,MBBS,35,Night
DR01231,Doctor_1231,Male,D011,Gynecology,DM,9,Night
DR01232,Doctor_1232,Female,D012,Psychiatry,MD,25,Evening
DR01233,Doctor_1233,Male,D013,Pulmonology,MS,12,Night
DR01234,Doctor_1234,Male,D014,Gastroenterology,MBBS,30,Night
DR01235,Doctor_1235,Male,D015,Emergency,DM,14,Morning
DR01236,Doctor_1236,Female,D016,Radiology,DM,9,Morning
DR01237,Doctor_1237,Female,D017,ICU,MS,13,Morning
DR01238,Doctor_1238,Female,D018,Ophthalmology,MBBS,11,Morning
DR01239,Doctor_1239,Female,D019,Endocrinology,DM,15,Morning
DR01240,Doctor_1240,Female,D020,Dental,MS,33,Night
DR01241,Doctor_1241,Female,D001,Cardiology,MD,14,Morning
DR01242,Doctor_1242,Female,D002,Neurology,MD,20,Evening
DR01243,Doctor_1243,Female,D003,Orthopedics,MD,21,Morning
DR01244,Doctor_1244,Female,D004,Pediatrics,MD,22,Evening
DR01245,Doctor_1245,Male,D005,Oncology,MCh,24,Morning
DR01246,Doctor_1246,Male,D006,ENT,MBBS,10,Night
DR01247,Doctor_1247,Female,D007,Dermatology,MCh,30,Evening
DR01248,Doctor_1248,Female,D008,General Surgery,MD,17,Morning
DR01249,Doctor_1249,Male,D009,Urology,MS,27,Morning
DR01250,Doctor_1250,Male,D010,Nephrology,MCh,9,Night
DR01251,Doctor_1251,Female,D011,Gynecology,MBBS,11,Morning
DR01252,Doctor_1252,Female,D012,Psychiatry,MD,6,Night
DR01253,Doctor_1253,Female,D013,Pulmonology,DM,17,Night
DR01254,Doctor_1254,Male,D014,Gastroenterology,MD,18,Night
DR01255,Doctor_1255,Female,D015,Emergency,MBBS,4,Evening
DR01256,Doctor_1256,Male,D016,Radiology,MBBS,19,Morning
DR01257,Doctor_1257,Female,D017,ICU,MD,9,Evening
DR01258,Doctor_1258,Male,D018,Ophthalmology,MCh,25,Evening
DR01259,Doctor_1259,Male,D019,Endocrinology,DM,16,Evening
DR01260,Doctor_1260,Female,D020,Dental,MCh,13,Evening
DR01261,Doctor_1261,Male,D001,Cardiology,MCh,17,Night
DR01262,Doctor_1262,Female,D002,Neurology,MD,17,Night
DR01263,Doctor_1263,Male,D003,Orthopedics,DM,24,Night
DR01264,Doctor_1264,Female,D004,Pediatrics,MBBS,4,Night
DR01265,Doctor_1265,Female,D005,Oncology,MD,21,Morning
DR01266,Doctor_1266,Female,D006,ENT,DM,22,Night
DR01267,Doctor_1267,Male,D007,Dermatology,DM,21,Morning
DR01268,Doctor_1268,Female,D008,General Surgery,MBBS,14,Night
DR01269,Doctor_1269,Female,D009,Urology,DM,9,Night
DR01270,Doctor_1270,Male,D010,Nephrology,MS,24,Evening
DR01271,Doctor_1271,Female,D011,Gynecology,MS,9,Morning
DR01272,Doctor_1272,Male,D012,Psychiatry,MS,8,Morning
DR01273,Doctor_1273,Male,D013,Pulmonology,DM,27,Night
DR01274,Doctor_1274,Male,D014,Gastroenterology,DM,30,Evening
DR01275,Doctor_1275,Female,D015,Emergency,MS,28,Evening
DR01276,Doctor_1276,Male,D016,Radiology,DM,2,Night
DR01277,Doctor_1277,Male,D017,ICU,DM,24,Morning
DR01278,Doctor_1278,Female,D018,Ophthalmology,MCh,14,Night
DR01279,Doctor_1279,Male,D019,Endocrinology,MCh,13,Evening
DR01280,Doctor_1280,Female,D020,Dental,MS,11,Morning
DR01281,Doctor_1281,Female,D001,Cardiology,MCh,3,Morning
DR01282,Doctor_1282,Male,D002,Neurology,MCh,35,Evening
DR01283,Doctor_1283,Female,D003,Orthopedics,MBBS,5,Morning
DR01284,Doctor_1284,Male,D004,Pediatrics,MBBS,16,Morning
DR01285,Doctor_1285,Male,D005,Oncology,MD,12,Evening
DR01286,Doctor_1286,Male,D006,ENT,MBBS,2,Morning
DR01287,Doctor_1287,Male,D007,Dermatology,MBBS,13,Morning
DR01288,Doctor_1288,Female,D008,General Surgery,MS,5,Night
DR01289,Doctor_1289,Female,D009,Urology,MS,19,Evening
DR01290,Doctor_1290,Female,D010,Nephrology,MS,22,Morning
DR01291,Doctor_1291,Male,D011,Gynecology,MS,11,Evening
DR01292,Doctor_1292,Male,D012,Psychiatry,MBBS,4,Night
DR01293,Doctor_1293,Female,D013,Pulmonology,MD,22,Evening
DR01294,Doctor_1294,Female,D014,Gastroenterology,MD,13,Night
DR01295,Doctor_1295,Male,D015,Emergency,MD,28,Evening
DR01296,Doctor_1296,Female,D016,Radiology,MBBS,15,Evening
DR01297,Doctor_1297,Male,D017,ICU,DM,7,Morning
DR01298,Doctor_1298,Male,D018,Ophthalmology,MD,29,Evening
DR01299,Doctor_1299,Male,D019,Endocrinology,MCh,6,Night
DR01300,Doctor_1300,Female,D020,Dental,MCh,28,Morning
DR01301,Doctor_1301,Male,D001,Cardiology,MD,14,Morning
DR01302,Doctor_1302,Female,D002,Neurology,MD,17,Night
DR01303,Doctor_1303,Female,D003,Orthopedics,MCh,35,Evening
DR01304,Doctor_1304,Male,D004,Pediatrics,MBBS,15,Night
DR01305,Doctor_1305,Male,D005,Oncology,MD,33,Evening
DR01306,Doctor_1306,Male,D006,ENT,DM,13,Morning
DR01307,Doctor_1307,Male,D007,Dermatology,MS,17,Morning
DR01308,Doctor_1308,Male,D008,General Surgery,MBBS,15,Evening
DR01309,Doctor_1309,Female,D009,Urology,MS,26,Evening
DR01310,Doctor_1310,Female,D010,Nephrology,MBBS,21,Morning
DR01311,Doctor_1311,Female,D011,Gynecology,MBBS,21,Night
DR01312,Doctor_1312,Male,D012,Psychiatry,MD,12,Night
DR01313,Doctor_1313,Male,D013,Pulmonology,DM,2,Morning
DR01314,Doctor_1314,Female,D014,Gastroenterology,MBBS,33,Night
DR01315,Doctor_1315,Female,D015,Emergency,DM,34,Evening
DR01316,Doctor_1316,Male,D016,Radiology,MBBS,5,Night
DR01317,Doctor_1317,Female,D017,ICU,DM,31,Morning
DR01318,Doctor_1318,Female,D018,Ophthalmology,MCh,15,Evening
DR01319,Doctor_1319,Female,D019,Endocrinology,DM,27,Night
DR01320,Doctor_1320,Female,D020,Dental,MCh,29,Night
DR01321,Doctor_1321,Female,D001,Cardiology,MCh,4,Morning
DR01322,Doctor_1322,Female,D002,Neurology,MBBS,18,Morning
DR01323,Doctor_1323,Male,D003,Orthopedics,MCh,9,Morning
DR01324,Doctor_1324,Female,D004,Pediatrics,MCh,3,Evening
DR01325,Doctor_1325,Male,D005,Oncology,MS,28,Night
DR01326,Doctor_1326,Male,D006,ENT,MD,26,Night
DR01327,Doctor_1327,Male,D007,Dermatology,MBBS,3,Evening
DR01328,Doctor_1328,Male,D008,General Surgery,MCh,7,Night
DR01329,Doctor_1329,Male,D009,Urology,MS,11,Night
DR01330,Doctor_1330,Female,D010,Nephrology,MD,16,Morning
DR01331,Doctor_1331,Female,D011,Gynecology,DM,22,Evening
DR01332,Doctor_1332,Male,D012,Psychiatry,MD,30,Night
DR01333,Doctor_1333,Male,D013,Pulmonology,MBBS,17,Night
DR01334,Doctor_1334,Female,D014,Gastroenterology,DM,15,Morning
DR01335,Doctor_1335,Female,D015,Emergency,DM,26,Night
DR01336,Doctor_1336,Male,D016,Radiology,MD,13,Evening
DR01337,Doctor_1337,Male,D017,ICU,MCh,22,Morning
DR01338,Doctor_1338,Male,D018,Ophthalmology,MS,33,Evening
DR01339,Doctor_1339,Male,D019,Endocrinology,MCh,21,Evening
DR01340,Doctor_1340,Male,D020,Dental,MS,13,Night
DR01341,Doctor_1341,Female,D001,Cardiology,MBBS,1,Morning
DR01342,Doctor_1342,Female,D002,Neurology,MBBS,17,Night
DR01343,Doctor_1343,Male,D003,Orthopedics,MBBS,21,Morning
DR01344,Doctor_1344,Female,D004,Pediatrics,MS,24,Evening
DR01345,Doctor_1345,Female,D005,Oncology,MCh,23,Evening
DR01346,Doctor_1346,Female,D006,ENT,MS,8,Morning
DR01347,Doctor_1347,Male,D007,Dermatology,DM,16,Night
DR01348,Doctor_1348,Male,D008,General Surgery,MD,10,Evening
DR01349,Doctor_1349,Female,D009,Urology,MCh,21,Evening
DR01350,Doctor_1350,Female,D010,Nephrology,MS,9,Morning
DR01351,Doctor_1351,Female,D011,Gynecology,MBBS,23,Morning
DR01352,Doctor_1352,Female,D012,Psychiatry,MD,35,Night
DR01353,Doctor_1353,Male,D013,Pulmonology,MCh,30,Evening
DR01354,Doctor_1354,Female,D014,Gastroenterology,DM,14,Night
DR01355,Doctor_1355,Female,D015,Emergency,MS,16,Morning
DR01356,Doctor_1356,Male,D016,Radiology,MBBS,21,Morning
DR01357,Doctor_1357,Male,D017,ICU,MD,24,Morning
DR01358,Doctor_1358,Male,D018,Ophthalmology,DM,4,Morning
DR01359,Doctor_1359,Female,D019,Endocrinology,DM,20,Evening
DR01360,Doctor_1360,Female,D020,Dental,MS,31,Evening
DR01361,Doctor_1361,Female,D001,Cardiology,MS,23,Night
DR01362,Doctor_1362,Male,D002,Neurology,MCh,34,Morning
DR01363,Doctor_1363,Female,D003,Orthopedics,DM,27,Morning
DR01364,Doctor_1364,Male,D004,Pediatrics,MD,14,Evening
DR01365,Doctor_1365,Female,D005,Oncology,MBBS,3,Evening
DR01366,Doctor_1366,Female,D006,ENT,MBBS,9,Evening
DR01367,Doctor_1367,Male,D007,Dermatology,MD,34,Evening
DR01368,Doctor_1368,Female,D008,General Surgery,MBBS,15,Night
DR01369,Doctor_1369,Male,D009,Urology,MD,24,Night
DR01370,Doctor_1370,Female,D010,Nephrology,MD,25,Night
DR01371,Doctor_1371,Male,D011,Gynecology,DM,13,Evening
DR01372,Doctor_1372,Female,D012,Psychiatry,MS,33,Night
DR01373,Doctor_1373,Male,D013,Pulmonology,DM,35,Night
DR01374,Doctor_1374,Male,D014,Gastroenterology,MD,25,Night
DR01375,Doctor_1375,Male,D015,Emergency,MD,2,Night
DR01376,Doctor_1376,Male,D016,Radiology,MCh,24,Morning
DR01377,Doctor_1377,Male,D017,ICU,MD,33,Morning
DR01378,Doctor_1378,Male,D018,Ophthalmology,MCh,30,Morning
DR01379,Doctor_1379,Male,D019,Endocrinology,MD,10,Night
DR01380,Doctor_1380,Female,D020,Dental,MBBS,28,Morning
DR01381,Doctor_1381,Female,D001,Cardiology,MCh,18,Morning
DR01382,Doctor_1382,Female,D002,Neurology,MD,33,Night
DR01383,Doctor_1383,Female,D003,Orthopedics,MBBS,6,Morning
DR01384,Doctor_1384,Female,D004,Pediatrics,MD,16,Night
DR01385,Doctor_1385,Female,D005,Oncology,MD,34,Morning
DR01386,Doctor_1386,Male,D006,ENT,MCh,12,Morning
DR01387,Doctor_1387,Male,D007,Dermatology,DM,14,Evening
DR01388,Doctor_1388,Female,D008,General Surgery,MCh,4,Evening
DR01389,Doctor_1389,Male,D009,Urology,DM,6,Morning
DR01390,Doctor_1390,Female,D010,Nephrology,MD,21,Evening
DR01391,Doctor_1391,Male,D011,Gynecology,MD,35,Evening
DR01392,Doctor_1392,Female,D012,Psychiatry,MD,13,Morning
DR01393,Doctor_1393,Male,D013,Pulmonology,DM,23,Night
DR01394,Doctor_1394,Female,D014,Gastroenterology,MS,20,Morning
DR01395,Doctor_1395,Male,D015,Emergency,DM,6,Morning
DR01396,Doctor_1396,Male,D016,Radiology,MCh,21,Morning
DR01397,Doctor_1397,Female,D017,ICU,MD,27,Evening
DR01398,Doctor_1398,Female,D018,Ophthalmology,MCh,32,Evening
DR01399,Doctor_1399,Female,D019,Endocrinology,DM,34,Morning
DR01400,Doctor_1400,Female,D020,Dental,MCh,33,Morning
DR01401,Doctor_1401,Male,D001,Cardiology,MD,5,Evening
DR01402,Doctor_1402,Female,D002,Neurology,MBBS,26,Morning
DR01403,Doctor_1403,Female,D003,Orthopedics,DM,22,Evening
DR01404,Doctor_1404,Female,D004,Pediatrics,MD,30,Night
DR01405,Doctor_1405,Male,D005,Oncology,MBBS,31,Evening
DR01406,Doctor_1406,Female,D006,ENT,DM,20,Morning
DR01407,Doctor_1407,Male,D007,Dermatology,MD,24,Night
DR01408,Doctor_1408,Female,D008,General Surgery,MS,15,Evening
DR01409,Doctor_1409,Male,D009,Urology,MCh,26,Night
DR01410,Doctor_1410,Male,D010,Nephrology,MS,8,Morning
DR01411,Doctor_1411,Male,D011,Gynecology,MCh,21,Evening
DR01412,Doctor_1412,Female,D012,Psychiatry,DM,18,Evening
DR01413,Doctor_1413,Male,D013,Pulmonology,MS,35,Evening
DR01414,Doctor_1414,Female,D014,Gastroenterology,MBBS,22,Evening
DR01415,Doctor_1415,Female,D015,Emergency,MCh,17,Morning
DR01416,Doctor_1416,Female,D016,Radiology,DM,5,Evening
DR01417,Doctor_1417,Male,D017,ICU,MS,22,Evening
DR01418,Doctor_1418,Female,D018,Ophthalmology,MD,25,Morning
DR01419,Doctor_1419,Male,D019,Endocrinology,MD,14,Morning
DR01420,Doctor_1420,Male,D020,Dental,MD,20,Morning
DR01421,Doctor_1421,Male,D001,Cardiology,MBBS,28,Evening
DR01422,Doctor_1422,Male,D002,Neurology,MBBS,10,Night
DR01423,Doctor_1423,Male,D003,Orthopedics,MD,28,Morning
DR01424,Doctor_1424,Male,D004,Pediatrics,DM,25,Evening
DR01425,Doctor_1425,Male,D005,Oncology,MD,9,Evening
DR01426,Doctor_1426,Male,D006,ENT,MBBS,4,Morning
DR01427,Doctor_1427,Male,D007,Dermatology,MBBS,2,Evening
DR01428,Doctor_1428,Male,D008,General Surgery,MBBS,30,Morning
DR01429,Doctor_1429,Male,D009,Urology,MD,13,Night
DR01430,Doctor_1430,Female,D010,Nephrology,MD,24,Morning
DR01431,Doctor_1431,Female,D011,Gynecology,MS,26,Evening
DR01432,Doctor_1432,Female,D012,Psychiatry,DM,15,Evening
DR01433,Doctor_1433,Male,D013,Pulmonology,MD,11,Morning
DR01434,Doctor_1434,Male,D014,Gastroenterology,MS,4,Evening
DR01435,Doctor_1435,Male,D015,Emergency,DM,1,Evening
DR01436,Doctor_1436,Female,D016,Radiology,MBBS,22,Night
DR01437,Doctor_1437,Female,D017,ICU,MCh,10,Morning
DR01438,Doctor_1438,Male,D018,Ophthalmology,DM,12,Night
DR01439,Doctor_1439,Female,D019,Endocrinology,MD,1,Night
DR01440,Doctor_1440,Male,D020,Dental,MS,27,Night
DR01441,Doctor_1441,Male,D001,Cardiology,MCh,25,Night
DR01442,Doctor_1442,Female,D002,Neurology,MS,31,Night
DR01443,Doctor_1443,Male,D003,Orthopedics,MS,25,Morning
DR01444,Doctor_1444,Female,D004,Pediatrics,MD,1,Night
DR01445,Doctor_1445,Female,D005,Oncology,MS,17,Night
DR01446,Doctor_1446,Female,D006,ENT,MD,35,Evening
DR01447,Doctor_1447,Female,D007,Dermatology,MBBS,32,Morning
DR01448,Doctor_1448,Male,D008,General Surgery,DM,6,Night
DR01449,Doctor_1449,Female,D009,Urology,MS,33,Evening
DR01450,Doctor_1450,Male,D010,Nephrology,MBBS,9,Morning
DR01451,Doctor_1451,Female,D011,Gynecology,MS,8,Night
DR01452,Doctor_1452,Female,D012,Psychiatry,DM,17,Morning
DR01453,Doctor_1453,Female,D013,Pulmonology,MS,7,Morning
DR01454,Doctor_1454,Female,D014,Gastroenterology,MS,14,Morning
DR01455,Doctor_1455,Female,D015,Emergency,MS,24,Morning
DR01456,Doctor_1456,Female,D016,Radiology,MCh,18,Evening
DR01457,Doctor_1457,Female,D017,ICU,DM,31,Morning
DR01458,Doctor_1458,Male,D018,Ophthalmology,MD,19,Morning
DR01459,Doctor_1459,Male,D019,Endocrinology,MS,25,Morning
DR01460,Doctor_1460,Female,D020,Dental,MCh,3,Evening
DR01461,Doctor_1461,Female,D001,Cardiology,MBBS,6,Morning
DR01462,Doctor_1462,Male,D002,Neurology,MD,30,Night
DR01463,Doctor_1463,Female,D003,Orthopedics,MBBS,19,Evening
DR01464,Doctor_1464,Male,D004,Pediatrics,MD,8,Night
DR01465,Doctor_1465,Male,D005,Oncology,MCh,17,Evening
DR01466,Doctor_1466,Male,D006,ENT,MD,15,Evening
DR01467,Doctor_1467,Male,D007,Dermatology,MS,17,Morning
DR01468,Doctor_1468,Male,D008,General Surgery,MD,20,Morning
DR01469,Doctor_1469,Female,D009,Urology,MCh,29,Morning
DR01470,Doctor_1470,Male,D010,Nephrology,DM,31,Evening
DR01471,Doctor_1471,Male,D011,Gynecology,DM,15,Night
DR01472,Doctor_1472,Female,D012,Psychiatry,DM,34,Morning
DR01473,Doctor_1473,Female,D013,Pulmonology,MD,34,Night
DR01474,Doctor_1474,Male,D014,Gastroenterology,MCh,21,Evening
DR01475,Doctor_1475,Male,D015,Emergency,MD,31,Evening
DR01476,Doctor_1476,Female,D016,Radiology,MS,24,Morning
DR01477,Doctor_1477,Female,D017,ICU,MCh,22,Morning
DR01478,Doctor_1478,Female,D018,Ophthalmology,MBBS,24,Evening
DR01479,Doctor_1479,Male,D019,Endocrinology,MD,32,Night
DR01480,Doctor_1480,Female,D020,Dental,MS,25,Night
DR01481,Doctor_1481,Male,D001,Cardiology,MS,2,Evening
DR01482,Doctor_1482,Male,D002,Neurology,DM,8,Evening
DR01483,Doctor_1483,Female,D003,Orthopedics,MS,24,Evening
DR01484,Doctor_1484,Male,D004,Pediatrics,MCh,12,Evening
DR01485,Doctor_1485,Male,D005,Oncology,MCh,13,Evening
DR01486,Doctor_1486,Female,D006,ENT,MD,5,Evening
DR01487,Doctor_1487,Male,D007,Dermatology,MD,5,Morning
DR01488,Doctor_1488,Male,D008,General Surgery,MD,8,Night
DR01489,Doctor_1489,Female,D009,Urology,MBBS,13,Night
DR01490,Doctor_1490,Male,D010,Nephrology,MS,4,Evening
DR01491,Doctor_1491,Male,D011,Gynecology,MS,21,Night
DR01492,Doctor_1492,Male,D012,Psychiatry,MCh,27,Evening
DR01493,Doctor_1493,Male,D013,Pulmonology,MBBS,13,Morning
DR01494,Doctor_1494,Male,D014,Gastroenterology,MBBS,14,Morning
DR01495,Doctor_1495,Female,D015,Emergency,MCh,33,Evening
DR01496,Doctor_1496,Female,D016,Radiology,DM,2,Morning
DR01497,Doctor_1497,Female,D017,ICU,MBBS,18,Night
DR01498,Doctor_1498,Male,D018,Ophthalmology,DM,24,Night
DR01499,Doctor_1499,Male,D019,Endocrinology,MBBS,4,Evening
DR01500,Doctor_1500,Female,D020,Dental,MD,24,Night
DR01501,Doctor_1501,Female,D001,Cardiology,MCh,9,Evening
DR01502,Doctor_1502,Female,D002,Neurology,MS,35,Morning
DR01503,Doctor_1503,Male,D003,Orthopedics,MD,10,Morning
DR01504,Doctor_1504,Male,D004,Pediatrics,MCh,8,Morning
DR01505,Doctor_1505,Female,D005,Oncology,MCh,7,Night
DR01506,Doctor_1506,Female,D006,ENT,DM,30,Night
DR01507,Doctor_1507,Male,D007,Dermatology,MBBS,16,Evening
DR01508,Doctor_1508,Male,D008,General Surgery,MD,1,Morning
DR01509,Doctor_1509,Female,D009,Urology,MD,6,Evening
DR01510,Doctor_1510,Female,D010,Nephrology,DM,22,Evening
DR01511,Doctor_1511,Male,D011,Gynecology,MD,4,Evening
DR01512,Doctor_1512,Male,D012,Psychiatry,MBBS,12,Morning
DR01513,Doctor_1513,Male,D013,Pulmonology,MS,6,Evening
DR01514,Doctor_1514,Male,D014,Gastroenterology,MS,6,Evening
DR01515,Doctor_1515,Female,D015,Emergency,MBBS,33,Evening
DR01516,Doctor_1516,Male,D016,Radiology,MD,12,Evening
DR01517,Doctor_1517,Female,D017,ICU,MS,7,Night
DR01518,Doctor_1518,Female,D018,Ophthalmology,MD,3,Evening
DR01519,Doctor_1519,Male,D019,Endocrinology,MD,4,Evening
DR01520,Doctor_1520,Male,D020,Dental,MS,4,Morning
DR01521,Doctor_1521,Male,D001,Cardiology,MCh,26,Morning
DR01522,Doctor_1522,Male,D002,Neurology,MD,28,Evening
DR01523,Doctor_1523,Female,D003,Orthopedics,MBBS,16,Evening
DR01524,Doctor_1524,Male,D004,Pediatrics,MD,26,Morning
DR01525,Doctor_1525,Male,D005,Oncology,DM,6,Night
DR01526,Doctor_1526,Female,D006,ENT,MS,22,Morning
DR01527,Doctor_1527,Female,D007,Dermatology,MS,15,Morning
DR01528,Doctor_1528,Female,D008,General Surgery,DM,28,Morning
DR01529,Doctor_1529,Male,D009,Urology,MBBS,5,Morning
DR01530,Doctor_1530,Male,D010,Nephrology,MS,7,Evening
DR01531,Doctor_1531,Female,D011,Gynecology,MS,13,Morning
DR01532,Doctor_1532,Female,D012,Psychiatry,MCh,29,Evening
DR01533,Doctor_1533,Male,D013,Pulmonology,MCh,31,Morning
DR01534,Doctor_1534,Male,D014,Gastroenterology,MBBS,31,Evening
DR01535,Doctor_1535,Male,D015,Emergency,MBBS,12,Night
DR01536,Doctor_1536,Male,D016,Radiology,MBBS,8,Evening
DR01537,Doctor_1537,Male,D017,ICU,MBBS,15,Night
DR01538,Doctor_1538,Female,D018,Ophthalmology,MS,11,Night
DR01539,Doctor_1539,Female,D019,Endocrinology,DM,18,Morning
DR01540,Doctor_1540,Female,D020,Dental,DM,12,Morning
DR01541,Doctor_1541,Male,D001,Cardiology,MBBS,35,Night
DR01542,Doctor_1542,Female,D002,Neurology,MD,10,Night
DR01543,Doctor_1543,Female,D003,Orthopedics,MBBS,8,Evening
DR01544,Doctor_1544,Male,D004,Pediatrics,MD,1,Morning
DR01545,Doctor_1545,Male,D005,Oncology,MS,6,Evening
DR01546,Doctor_1546,Female,D006,ENT,MCh,29,Night
DR01547,Doctor_1547,Male,D007,Dermatology,MS,34,Morning
DR01548,Doctor_1548,Female,D008,General Surgery,MS,9,Evening
DR01549,Doctor_1549,Female,D009,Urology,MCh,15,Night
DR01550,Doctor_1550,Female,D010,Nephrology,MCh,9,Night
DR01551,Doctor_1551,Male,D011,Gynecology,DM,28,Night
DR01552,Doctor_1552,Male,D012,Psychiatry,MBBS,35,Evening
DR01553,Doctor_1553,Female,D013,Pulmonology,MBBS,29,Evening
DR01554,Doctor_1554,Female,D014,Gastroenterology,MD,33,Night
DR01555,Doctor_1555,Female,D015,Emergency,MCh,19,Evening
DR01556,Doctor_1556,Female,D016,Radiology,MBBS,17,Evening
DR01557,Doctor_1557,Female,D017,ICU,MD,29,Evening
DR01558,Doctor_1558,Female,D018,Ophthalmology,DM,24,Morning
DR01559,Doctor_1559,Female,D019,Endocrinology,MD,15,Evening
DR01560,Doctor_1560,Female,D020,Dental,MS,2,Evening
DR01561,Doctor_1561,Male,D001,Cardiology,MS,24,Evening
DR01562,Doctor_1562,Male,D002,Neurology,DM,34,Night
DR01563,Doctor_1563,Female,D003,Orthopedics,MD,22,Evening
DR01564,Doctor_1564,Female,D004,Pediatrics,MBBS,12,Evening
DR01565,Doctor_1565,Male,D005,Oncology,MS,13,Evening
DR01566,Doctor_1566,Female,D006,ENT,MBBS,9,Evening
DR01567,Doctor_1567,Female,D007,Dermatology,DM,19,Evening
DR01568,Doctor_1568,Male,D008,General Surgery,MS,10,Night
DR01569,Doctor_1569,Male,D009,Urology,MD,23,Evening
DR01570,Doctor_1570,Male,D010,Nephrology,MD,22,Morning
DR01571,Doctor_1571,Male,D011,Gynecology,MBBS,28,Evening
DR01572,Doctor_1572,Male,D012,Psychiatry,MD,24,Night
DR01573,Doctor_1573,Male,D013,Pulmonology,MBBS,18,Evening
DR01574,Doctor_1574,Female,D014,Gastroenterology,MCh,17,Morning
DR01575,Doctor_1575,Female,D015,Emergency,DM,12,Evening
DR01576,Doctor_1576,Male,D016,Radiology,MS,8,Evening
DR01577,Doctor_1577,Female,D017,ICU,MD,3,Night
DR01578,Doctor_1578,Male,D018,Ophthalmology,MD,2,Night
DR01579,Doctor_1579,Male,D019,Endocrinology,MS,7,Morning
DR01580,Doctor_1580,Male,D020,Dental,MD,31,Night
DR01581,Doctor_1581,Female,D001,Cardiology,MBBS,3,Night
DR01582,Doctor_1582,Female,D002,Neurology,MCh,6,Night
DR01583,Doctor_1583,Female,D003,Orthopedics,MBBS,16,Morning
DR01584,Doctor_1584,Female,D004,Pediatrics,MS,27,Evening
DR01585,Doctor_1585,Male,D005,Oncology,MD,8,Evening
DR01586,Doctor_1586,Female,D006,ENT,MD,28,Morning
DR01587,Doctor_1587,Female,D007,Dermatology,MCh,16,Evening
DR01588,Doctor_1588,Male,D008,General Surgery,MCh,20,Evening
DR01589,Doctor_1589,Female,D009,Urology,DM,30,Morning
DR01590,Doctor_1590,Male,D010,Nephrology,DM,30,Morning
DR01591,Doctor_1591,Male,D011,Gynecology,MCh,31,Night
DR01592,Doctor_1592,Female,D012,Psychiatry,MD,7,Evening
DR01593,Doctor_1593,Female,D013,Pulmonology,MBBS,20,Evening
DR01594,Doctor_1594,Male,D014,Gastroenterology,MBBS,5,Morning
DR01595,Doctor_1595,Male,D015,Emergency,MD,24,Morning
DR01596,Doctor_1596,Female,D016,Radiology,DM,33,Evening
DR01597,Doctor_1597,Female,D017,ICU,MS,34,Evening
DR01598,Doctor_1598,Male,D018,Ophthalmology,MBBS,33,Night
DR01599,Doctor_1599,Female,D019,Endocrinology,MBBS,24,Evening
DR01600,Doctor_1600,Male,D020,Dental,MD,25,Evening
DR01601,Doctor_1601,Female,D001,Cardiology,MCh,18,Evening
DR01602,Doctor_1602,Male,D002,Neurology,MCh,24,Morning
DR01603,Doctor_1603,Female,D003,Orthopedics,MCh,21,Morning
DR01604,Doctor_1604,Female,D004,Pediatrics,MBBS,22,Morning
DR01605,Doctor_1605,Female,D005,Oncology,MBBS,24,Morning
DR01606,Doctor_1606,Female,D006,ENT,MBBS,11,Night
DR01607,Doctor_1607,Male,D007,Dermatology,MCh,29,Evening
DR01608,Doctor_1608,Female,D008,General Surgery,MS,15,Morning
DR01609,Doctor_1609,Female,D009,Urology,MD,24,Night
DR01610,Doctor_1610,Male,D010,Nephrology,MBBS,25,Morning
DR01611,Doctor_1611,Female,D011,Gynecology,DM,3,Evening
DR01612,Doctor_1612,Female,D012,Psychiatry,MD,35,Morning
DR01613,Doctor_1613,Male,D013,Pulmonology,MD,12,Evening
DR01614,Doctor_1614,Male,D014,Gastroenterology,MCh,11,Night
DR01615,Doctor_1615,Female,D015,Emergency,MS,35,Morning
DR01616,Doctor_1616,Female,D016,Radiology,MCh,8,Morning
DR01617,Doctor_1617,Female,D017,ICU,MS,20,Night
DR01618,Doctor_1618,Male,D018,Ophthalmology,MCh,15,Night
DR01619,Doctor_1619,Female,D019,Endocrinology,MS,9,Evening
DR01620,Doctor_1620,Female,D020,Dental,DM,11,Morning
DR01621,Doctor_1621,Male,D001,Cardiology,MBBS,3,Night
DR01622,Doctor_1622,Male,D002,Neurology,MS,5,Morning
DR01623,Doctor_1623,Male,D003,Orthopedics,MBBS,15,Evening
DR01624,Doctor_1624,Male,D004,Pediatrics,DM,35,Morning
DR01625,Doctor_1625,Male,D005,Oncology,MD,21,Night
DR01626,Doctor_1626,Female,D006,ENT,MCh,2,Morning
DR01627,Doctor_1627,Female,D007,Dermatology,MS,5,Morning
DR01628,Doctor_1628,Male,D008,General Surgery,MCh,8,Morning
DR01629,Doctor_1629,Male,D009,Urology,MS,18,Evening
DR01630,Doctor_1630,Male,D010,Nephrology,MD,29,Night
DR01631,Doctor_1631,Female,D011,Gynecology,MCh,1,Morning
DR01632,Doctor_1632,Female,D012,Psychiatry,MD,20,Morning
DR01633,Doctor_1633,Female,D013,Pulmonology,MCh,10,Evening
DR01634,Doctor_1634,Female,D014,Gastroenterology,DM,30,Morning
DR01635,Doctor_1635,Male,D015,Emergency,MS,18,Night
DR01636,Doctor_1636,Male,D016,Radiology,MD,20,Evening
DR01637,Doctor_1637,Male,D017,ICU,MD,7,Morning
DR01638,Doctor_1638,Female,D018,Ophthalmology,MS,30,Night
DR01639,Doctor_1639,Female,D019,Endocrinology,MCh,32,Morning
DR01640,Doctor_1640,Female,D020,Dental,DM,14,Morning
DR01641,Doctor_1641,Female,D001,Cardiology,DM,26,Morning
DR01642,Doctor_1642,Male,D002,Neurology,DM,12,Evening
DR01643,Doctor_1643,Male,D003,Orthopedics,MD,16,Evening
DR01644,Doctor_1644,Male,D004,Pediatrics,MS,18,Evening
DR01645,Doctor_1645,Male,D005,Oncology,DM,19,Evening
DR01646,Doctor_1646,Male,D006,ENT,MS,28,Morning
DR01647,Doctor_1647,Female,D007,Dermatology,MS,9,Night
DR01648,Doctor_1648,Male,D008,General Surgery,MD,19,Night
DR01649,Doctor_1649,Male,D009,Urology,DM,30,Evening
DR01650,Doctor_1650,Female,D010,Nephrology,MD,7,Morning
DR01651,Doctor_1651,Female,D011,Gynecology,MD,33,Morning
DR01652,Doctor_1652,Female,D012,Psychiatry,MD,28,Evening
DR01653,Doctor_1653,Female,D013,Pulmonology,MD,7,Morning
DR01654,Doctor_1654,Male,D014,Gastroenterology,MD,31,Night
DR01655,Doctor_1655,Male,D015,Emergency,DM,33,Evening
DR01656,Doctor_1656,Male,D016,Radiology,MBBS,13,Evening
DR01657,Doctor_1657,Male,D017,ICU,MCh,7,Night
DR01658,Doctor_1658,Female,D018,Ophthalmology,MD,20,Night
DR01659,Doctor_1659,Male,D019,Endocrinology,MCh,12,Night
DR01660,Doctor_1660,Female,D020,Dental,MS,7,Evening
DR01661,Doctor_1661,Male,D001,Cardiology,MD,20,Morning
DR01662,Doctor_1662,Female,D002,Neurology,MCh,7,Morning
DR01663,Doctor_1663,Male,D003,Orthopedics,MD,16,Morning
DR01664,Doctor_1664,Male,D004,Pediatrics,MS,17,Morning
DR01665,Doctor_1665,Female,D005,Oncology,DM,12,Evening
DR01666,Doctor_1666,Male,D006,ENT,MS,30,Morning
DR01667,Doctor_1667,Female,D007,Dermatology,MD,27,Morning
DR01668,Doctor_1668,Male,D008,General Surgery,MBBS,8,Evening
DR01669,Doctor_1669,Male,D009,Urology,DM,32,Morning
DR01670,Doctor_1670,Male,D010,Nephrology,MD,23,Morning
DR01671,Doctor_1671,Female,D011,Gynecology,DM,27,Night
DR01672,Doctor_1672,Female,D012,Psychiatry,MD,20,Evening
DR01673,Doctor_1673,Male,D013,Pulmonology,MCh,33,Night
DR01674,Doctor_1674,Female,D014,Gastroenterology,DM,34,Evening
DR01675,Doctor_1675,Female,D015,Emergency,MD,27,Evening
DR01676,Doctor_1676,Male,D016,Radiology,MBBS,14,Evening
DR01677,Doctor_1677,Male,D017,ICU,MCh,33,Morning
DR01678,Doctor_1678,Male,D018,Ophthalmology,MS,28,Morning
DR01679,Doctor_1679,Male,D019,Endocrinology,MS,32,Night
DR01680,Doctor_1680,Male,D020,Dental,MD,31,Morning
DR01681,Doctor_1681,Female,D001,Cardiology,DM,14,Morning
DR01682,Doctor_1682,Female,D002,Neurology,MBBS,19,Morning
DR01683,Doctor_1683,Female,D003,Orthopedics,DM,21,Night
DR01684,Doctor_1684,Male,D004,Pediatrics,MS,5,Morning
DR01685,Doctor_1685,Male,D005,Oncology,MBBS,19,Morning
DR01686,Doctor_1686,Female,D006,ENT,MS,35,Night
DR01687,Doctor_1687,Male,D007,Dermatology,MBBS,6,Night
DR01688,Doctor_1688,Male,D008,General Surgery,MS,2,Night
DR01689,Doctor_1689,Female,D009,Urology,MD,26,Night
DR01690,Doctor_1690,Female,D010,Nephrology,MBBS,8,Night
DR01691,Doctor_1691,Female,D011,Gynecology,MS,32,Evening
DR01692,Doctor_1692,Female,D012,Psychiatry,MBBS,28,Morning
DR01693,Doctor_1693,Female,D013,Pulmonology,MD,21,Evening
DR01694,Doctor_1694,Female,D014,Gastroenterology,DM,34,Night
DR01695,Doctor_1695,Female,D015,Emergency,MBBS,3,Night
DR01696,Doctor_1696,Female,D016,Radiology,MS,13,Morning
DR01697,Doctor_1697,Female,D017,ICU,DM,18,Evening
DR01698,Doctor_1698,Male,D018,Ophthalmology,MCh,34,Morning
DR01699,Doctor_1699,Female,D019,Endocrinology,MD,18,Morning
DR01700,Doctor_1700,Male,D020,Dental,MCh,2,Evening
DR01701,Doctor_1701,Male,D001,Cardiology,MBBS,29,Night
DR01702,Doctor_1702,Female,D002,Neurology,MCh,29,Night
DR01703,Doctor_1703,Male,D003,Orthopedics,MBBS,7,Evening
DR01704,Doctor_1704,Female,D004,Pediatrics,MCh,2,Evening
DR01705,Doctor_1705,Female,D005,Oncology,MD,31,Morning
DR01706,Doctor_1706,Male,D006,ENT,MBBS,10,Night
DR01707,Doctor_1707,Male,D007,Dermatology,MBBS,6,Night
DR01708,Doctor_1708,Male,D008,General Surgery,MCh,34,Morning
DR01709,Doctor_1709,Male,D009,Urology,MS,27,Evening
DR01710,Doctor_1710,Female,D010,Nephrology,MCh,16,Evening
DR01711,Doctor_1711,Male,D011,Gynecology,MCh,7,Night
DR01712,Doctor_1712,Female,D012,Psychiatry,MS,4,Morning
DR01713,Doctor_1713,Male,D013,Pulmonology,DM,5,Night
DR01714,Doctor_1714,Male,D014,Gastroenterology,MCh,18,Night
DR01715,Doctor_1715,Female,D015,Emergency,MS,12,Night
DR01716,Doctor_1716,Female,D016,Radiology,MBBS,19,Evening
DR01717,Doctor_1717,Female,D017,ICU,MS,18,Night
DR01718,Doctor_1718,Male,D018,Ophthalmology,MBBS,34,Evening
DR01719,Doctor_1719,Female,D019,Endocrinology,MD,24,Morning
DR01720,Doctor_1720,Female,D020,Dental,MCh,33,Evening
DR01721,Doctor_1721,Female,D001,Cardiology,MS,16,Evening
DR01722,Doctor_1722,Female,D002,Neurology,MCh,16,Evening
DR01723,Doctor_1723,Female,D003,Orthopedics,MS,14,Morning
DR01724,Doctor_1724,Male,D004,Pediatrics,MCh,1,Morning
DR01725,Doctor_1725,Female,D005,Oncology,MD,24,Evening
DR01726,Doctor_1726,Male,D006,ENT,DM,30,Morning
DR01727,Doctor_1727,Male,D007,Dermatology,MS,7,Morning
DR01728,Doctor_1728,Female,D008,General Surgery,MCh,27,Morning
DR01729,Doctor_1729,Male,D009,Urology,DM,26,Night
DR01730,Doctor_1730,Female,D010,Nephrology,MD,24,Night
DR01731,Doctor_1731,Female,D011,Gynecology,DM,26,Night
DR01732,Doctor_1732,Female,D012,Psychiatry,MD,25,Morning
DR01733,Doctor_1733,Female,D013,Pulmonology,MCh,30,Morning
DR01734,Doctor_1734,Male,D014,Gastroenterology,MD,5,Night
DR01735,Doctor_1735,Male,D015,Emergency,MS,18,Evening
DR01736,Doctor_1736,Female,D016,Radiology,MS,20,Night
DR01737,Doctor_1737,Female,D017,ICU,MD,35,Night
DR01738,Doctor_1738,Male,D018,Ophthalmology,MD,6,Morning
DR01739,Doctor_1739,Male,D019,Endocrinology,DM,22,Morning
DR01740,Doctor_1740,Male,D020,Dental,MD,15,Evening
DR01741,Doctor_1741,Female,D001,Cardiology,MS,6,Evening
DR01742,Doctor_1742,Male,D002,Neurology,DM,1,Evening
DR01743,Doctor_1743,Male,D003,Orthopedics,DM,30,Morning
DR01744,Doctor_1744,Female,D004,Pediatrics,DM,1,Morning
DR01745,Doctor_1745,Male,D005,Oncology,DM,17,Morning
DR01746,Doctor_1746,Male,D006,ENT,MCh,7,Evening
DR01747,Doctor_1747,Female,D007,Dermatology,MCh,33,Morning
DR01748,Doctor_1748,Male,D008,General Surgery,DM,19,Morning
DR01749,Doctor_1749,Male,D009,Urology,MS,3,Morning
DR01750,Doctor_1750,Male,D010,Nephrology,MCh,32,Night
DR01751,Doctor_1751,Male,D011,Gynecology,DM,10,Night
DR01752,Doctor_1752,Female,D012,Psychiatry,MS,23,Evening
DR01753,Doctor_1753,Male,D013,Pulmonology,MD,6,Night
DR01754,Doctor_1754,Female,D014,Gastroenterology,MCh,28,Morning
DR01755,Doctor_1755,Female,D015,Emergency,MCh,21,Morning
DR01756,Doctor_1756,Female,D016,Radiology,MCh,7,Morning
DR01757,Doctor_1757,Female,D017,ICU,MS,17,Night
DR01758,Doctor_1758,Female,D018,Ophthalmology,DM,34,Evening
DR01759,Doctor_1759,Female,D019,Endocrinology,DM,30,Night
DR01760,Doctor_1760,Female,D020,Dental,MBBS,12,Morning
DR01761,Doctor_1761,Male,D001,Cardiology,MD,14,Morning
DR01762,Doctor_1762,Male,D002,Neurology,DM,22,Morning
DR01763,Doctor_1763,Female,D003,Orthopedics,DM,31,Morning
DR01764,Doctor_1764,Male,D004,Pediatrics,MBBS,12,Evening
DR01765,Doctor_1765,Male,D005,Oncology,MBBS,29,Morning
DR01766,Doctor_1766,Male,D006,ENT,DM,27,Night
DR01767,Doctor_1767,Male,D007,Dermatology,DM,15,Morning
DR01768,Doctor_1768,Male,D008,General Surgery,MCh,27,Morning
DR01769,Doctor_1769,Female,D009,Urology,MS,32,Evening
DR01770,Doctor_1770,Female,D010,Nephrology,MBBS,33,Morning
DR01771,Doctor_1771,Female,D011,Gynecology,MBBS,28,Morning
DR01772,Doctor_1772,Male,D012,Psychiatry,MS,1,Morning
DR01773,Doctor_1773,Male,D013,Pulmonology,MBBS,28,Evening
DR01774,Doctor_1774,Female,D014,Gastroenterology,MS,7,Night
DR01775,Doctor_1775,Female,D015,Emergency,MCh,21,Morning
DR01776,Doctor_1776,Female,D016,Radiology,MS,27,Night
DR01777,Doctor_1777,Male,D017,ICU,DM,35,Night
DR01778,Doctor_1778,Female,D018,Ophthalmology,MBBS,32,Morning
DR01779,Doctor_1779,Female,D019,Endocrinology,MBBS,32,Night
DR01780,Doctor_1780,Female,D020,Dental,MCh,2,Morning
DR01781,Doctor_1781,Female,D001,Cardiology,MS,3,Night
DR01782,Doctor_1782,Female,D002,Neurology,MCh,18,Night
DR01783,Doctor_1783,Male,D003,Orthopedics,DM,16,Evening
DR01784,Doctor_1784,Female,D004,Pediatrics,DM,7,Evening
DR01785,Doctor_1785,Male,D005,Oncology,MS,20,Night
DR01786,Doctor_1786,Male,D006,ENT,MCh,26,Night
DR01787,Doctor_1787,Male,D007,Dermatology,DM,30,Night
DR01788,Doctor_1788,Male,D008,General Surgery,MCh,31,Evening
DR01789,Doctor_1789,Male,D009,Urology,MS,1,Morning
DR01790,Doctor_1790,Female,D010,Nephrology,MBBS,16,Morning
DR01791,Doctor_1791,Male,D011,Gynecology,MS,16,Night
DR01792,Doctor_1792,Female,D012,Psychiatry,MD,34,Night
DR01793,Doctor_1793,Female,D013,Pulmonology,MCh,10,Morning
DR01794,Doctor_1794,Male,D014,Gastroenterology,DM,34,Evening
DR01795,Doctor_1795,Female,D015,Emergency,MD,29,Morning
DR01796,Doctor_1796,Female,D016,Radiology,MS,2,Night
DR01797,Doctor_1797,Female,D017,ICU,DM,4,Morning
DR01798,Doctor_1798,Male,D018,Ophthalmology,MBBS,26,Night
DR01799,Doctor_1799,Male,D019,Endocrinology,MS,22,Morning
DR01800,Doctor_1800,Male,D020,Dental,DM,9,Evening
DR01801,Doctor_1801,Male,D001,Cardiology,MCh,8,Evening
DR01802,Doctor_1802,Male,D002,Neurology,DM,8,Morning
DR01803,Doctor_1803,Male,D003,Orthopedics,MS,15,Morning
DR01804,Doctor_1804,Male,D004,Pediatrics,MS,7,Morning
DR01805,Doctor_1805,Female,D005,Oncology,MCh,21,Morning
DR01806,Doctor_1806,Male,D006,ENT,MS,26,Night
DR01807,Doctor_1807,Male,D007,Dermatology,MCh,29,Evening
DR01808,Doctor_1808,Female,D008,General Surgery,MCh,35,Morning
DR01809,Doctor_1809,Male,D009,Urology,MCh,24,Morning
DR01810,Doctor_1810,Male,D010,Nephrology,MBBS,8,Morning
DR01811,Doctor_1811,Female,D011,Gynecology,MBBS,20,Evening
DR01812,Doctor_1812,Male,D012,Psychiatry,MS,30,Night
DR01813,Doctor_1813,Male,D013,Pulmonology,DM,7,Morning
DR01814,Doctor_1814,Female,D014,Gastroenterology,DM,12,Morning
DR01815,Doctor_1815,Male,D015,Emergency,MBBS,1,Morning
DR01816,Doctor_1816,Female,D016,Radiology,MBBS,9,Morning
DR01817,Doctor_1817,Female,D017,ICU,MBBS,27,Night
DR01818,Doctor_1818,Female,D018,Ophthalmology,MBBS,2,Evening
DR01819,Doctor_1819,Female,D019,Endocrinology,MD,16,Night
DR01820,Doctor_1820,Female,D020,Dental,MS,30,Night
DR01821,Doctor_1821,Female,D001,Cardiology,MD,25,Morning
DR01822,Doctor_1822,Female,D002,Neurology,DM,19,Evening
DR01823,Doctor_1823,Male,D003,Orthopedics,MD,28,Evening
DR01824,Doctor_1824,Female,D004,Pediatrics,MS,13,Night
DR01825,Doctor_1825,Female,D005,Oncology,MS,25,Night
DR01826,Doctor_1826,Male,D006,ENT,MBBS,29,Morning
DR01827,Doctor_1827,Female,D007,Dermatology,DM,17,Evening
DR01828,Doctor_1828,Female,D008,General Surgery,DM,7,Morning
DR01829,Doctor_1829,Male,D009,Urology,MCh,28,Morning
DR01830,Doctor_1830,Male,D010,Nephrology,DM,25,Evening
DR01831,Doctor_1831,Female,D011,Gynecology,MBBS,6,Evening
DR01832,Doctor_1832,Male,D012,Psychiatry,MS,27,Night
DR01833,Doctor_1833,Male,D013,Pulmonology,MS,21,Evening
DR01834,Doctor_1834,Female,D014,Gastroenterology,MS,31,Night
DR01835,Doctor_1835,Male,D015,Emergency,MD,17,Night
DR01836,Doctor_1836,Male,D016,Radiology,DM,2,Evening
DR01837,Doctor_1837,Female,D017,ICU,MS,14,Evening
DR01838,Doctor_1838,Male,D018,Ophthalmology,DM,27,Night
DR01839,Doctor_1839,Male,D019,Endocrinology,MBBS,6,Night
DR01840,Doctor_1840,Male,D020,Dental,MS,25,Morning
DR01841,Doctor_1841,Female,D001,Cardiology,MS,30,Night
DR01842,Doctor_1842,Female,D002,Neurology,MS,25,Morning
DR01843,Doctor_1843,Male,D003,Orthopedics,MBBS,20,Night
DR01844,Doctor_1844,Male,D004,Pediatrics,MCh,29,Evening
DR01845,Doctor_1845,Female,D005,Oncology,MCh,27,Night
DR01846,Doctor_1846,Male,D006,ENT,MD,33,Night
DR01847,Doctor_1847,Female,D007,Dermatology,MS,17,Evening
DR01848,Doctor_1848,Female,D008,General Surgery,DM,29,Morning
DR01849,Doctor_1849,Female,D009,Urology,MCh,33,Morning
DR01850,Doctor_1850,Male,D010,Nephrology,MD,4,Evening
DR01851,Doctor_1851,Female,D011,Gynecology,MBBS,14,Morning
DR01852,Doctor_1852,Female,D012,Psychiatry,MS,29,Night
DR01853,Doctor_1853,Female,D013,Pulmonology,MCh,5,Morning
DR01854,Doctor_1854,Male,D014,Gastroenterology,MD,14,Night
DR01855,Doctor_1855,Male,D015,Emergency,DM,10,Night
DR01856,Doctor_1856,Female,D016,Radiology,MS,5,Morning
DR01857,Doctor_1857,Female,D017,ICU,DM,15,Morning
DR01858,Doctor_1858,Male,D018,Ophthalmology,MBBS,32,Evening
DR01859,Doctor_1859,Male,D019,Endocrinology,DM,18,Evening
DR01860,Doctor_1860,Female,D020,Dental,MD,18,Morning
DR01861,Doctor_1861,Female,D001,Cardiology,MD,11,Evening
DR01862,Doctor_1862,Female,D002,Neurology,MD,26,Night
DR01863,Doctor_1863,Male,D003,Orthopedics,MD,20,Evening
DR01864,Doctor_1864,Female,D004,Pediatrics,MCh,16,Night
DR01865,Doctor_1865,Male,D005,Oncology,MCh,22,Evening
DR01866,Doctor_1866,Male,D006,ENT,MCh,21,Morning
DR01867,Doctor_1867,Male,D007,Dermatology,DM,28,Night
DR01868,Doctor_1868,Female,D008,General Surgery,MS,32,Morning
DR01869,Doctor_1869,Male,D009,Urology,MS,14,Night
DR01870,Doctor_1870,Female,D010,Nephrology,MCh,31,Night
DR01871,Doctor_1871,Female,D011,Gynecology,DM,6,Morning
DR01872,Doctor_1872,Male,D012,Psychiatry,MCh,35,Night
DR01873,Doctor_1873,Female,D013,Pulmonology,MS,32,Morning
DR01874,Doctor_1874,Female,D014,Gastroenterology,MCh,14,Evening
DR01875,Doctor_1875,Male,D015,Emergency,DM,14,Evening
DR01876,Doctor_1876,Female,D016,Radiology,MBBS,17,Evening
DR01877,Doctor_1877,Male,D017,ICU,DM,14,Evening
DR01878,Doctor_1878,Female,D018,Ophthalmology,MCh,12,Night
DR01879,Doctor_1879,Male,D019,Endocrinology,MS,26,Evening
DR01880,Doctor_1880,Male,D020,Dental,MBBS,19,Evening
DR01881,Doctor_1881,Male,D001,Cardiology,MCh,10,Morning
DR01882,Doctor_1882,Female,D002,Neurology,MS,8,Evening
DR01883,Doctor_1883,Male,D003,Orthopedics,MBBS,20,Evening
DR01884,Doctor_1884,Female,D004,Pediatrics,MS,30,Evening
DR01885,Doctor_1885,Female,D005,Oncology,MS,1,Morning
DR01886,Doctor_1886,Female,D006,ENT,MD,21,Morning
DR01887,Doctor_1887,Female,D007,Dermatology,MS,22,Morning
DR01888,Doctor_1888,Female,D008,General Surgery,MS,1,Night
DR01889,Doctor_1889,Female,D009,Urology,MD,14,Evening
DR01890,Doctor_1890,Male,D010,Nephrology,MS,22,Morning
DR01891,Doctor_1891,Male,D011,Gynecology,DM,17,Morning
DR01892,Doctor_1892,Female,D012,Psychiatry,DM,20,Evening
DR01893,Doctor_1893,Male,D013,Pulmonology,MS,27,Night
DR01894,Doctor_1894,Female,D014,Gastroenterology,MCh,12,Evening
DR01895,Doctor_1895,Female,D015,Emergency,MS,9,Morning
DR01896,Doctor_1896,Female,D016,Radiology,MCh,7,Morning
DR01897,Doctor_1897,Male,D017,ICU,MD,3,Morning
DR01898,Doctor_1898,Male,D018,Ophthalmology,MD,35,Night
DR01899,Doctor_1899,Female,D019,Endocrinology,MS,32,Evening
DR01900,Doctor_1900,Male,D020,Dental,MD,15,Evening
DR01901,Doctor_1901,Female,D001,Cardiology,MD,3,Night
DR01902,Doctor_1902,Female,D002,Neurology,MBBS,6,Evening
DR01903,Doctor_1903,Female,D003,Orthopedics,MBBS,32,Morning
DR01904,Doctor_1904,Male,D004,Pediatrics,MBBS,34,Night
DR01905,Doctor_1905,Male,D005,Oncology,DM,9,Evening
DR01906,Doctor_1906,Male,D006,ENT,MCh,22,Evening
DR01907,Doctor_1907,Male,D007,Dermatology,DM,22,Evening
DR01908,Doctor_1908,Male,D008,General Surgery,MS,2,Evening
DR01909,Doctor_1909,Female,D009,Urology,MD,13,Night
DR01910,Doctor_1910,Male,D010,Nephrology,DM,15,Night
DR01911,Doctor_1911,Male,D011,Gynecology,MS,10,Morning
DR01912,Doctor_1912,Male,D012,Psychiatry,MCh,21,Evening
DR01913,Doctor_1913,Male,D013,Pulmonology,DM,7,Night
DR01914,Doctor_1914,Male,D014,Gastroenterology,MS,25,Evening
DR01915,Doctor_1915,Female,D015,Emergency,MS,22,Evening
DR01916,Doctor_1916,Male,D016,Radiology,MD,32,Morning
DR01917,Doctor_1917,Male,D017,ICU,MD,23,Night
DR01918,Doctor_1918,Female,D018,Ophthalmology,MD,5,Night
DR01919,Doctor_1919,Male,D019,Endocrinology,MCh,3,Night
DR01920,Doctor_1920,Male,D020,Dental,MBBS,34,Evening
DR01921,Doctor_1921,Female,D001,Cardiology,MCh,17,Evening
DR01922,Doctor_1922,Male,D002,Neurology,DM,18,Night
DR01923,Doctor_1923,Male,D003,Orthopedics,MS,9,Evening
DR01924,Doctor_1924,Male,D004,Pediatrics,MD,16,Morning
DR01925,Doctor_1925,Male,D005,Oncology,MCh,18,Morning
DR01926,Doctor_1926,Female,D006,ENT,DM,24,Morning
DR01927,Doctor_1927,Female,D007,Dermatology,DM,4,Night
DR01928,Doctor_1928,Male,D008,General Surgery,DM,3,Evening
DR01929,Doctor_1929,Male,D009,Urology,DM,32,Morning
DR01930,Doctor_1930,Male,D010,Nephrology,MCh,26,Morning
DR01931,Doctor_1931,Female,D011,Gynecology,MS,18,Morning
DR01932,Doctor_1932,Male,D012,Psychiatry,MBBS,30,Night
DR01933,Doctor_1933,Female,D013,Pulmonology,MCh,7,Night
DR01934,Doctor_1934,Male,D014,Gastroenterology,MCh,14,Morning
DR01935,Doctor_1935,Male,D015,Emergency,MBBS,22,Morning
DR01936,Doctor_1936,Female,D016,Radiology,MD,8,Morning
DR01937,Doctor_1937,Female,D017,ICU,MD,3,Morning
DR01938,Doctor_1938,Female,D018,Ophthalmology,DM,14,Evening
DR01939,Doctor_1939,Female,D019,Endocrinology,MD,10,Night
DR01940,Doctor_1940,Female,D020,Dental,DM,11,Morning
DR01941,Doctor_1941,Female,D001,Cardiology,MCh,14,Evening
DR01942,Doctor_1942,Male,D002,Neurology,MD,29,Morning
DR01943,Doctor_1943,Male,D003,Orthopedics,MS,34,Night
DR01944,Doctor_1944,Male,D004,Pediatrics,MBBS,18,Night
DR01945,Doctor_1945,Male,D005,Oncology,DM,27,Night
DR01946,Doctor_1946,Male,D006,ENT,MD,22,Evening
DR01947,Doctor_1947,Female,D007,Dermatology,MBBS,28,Morning
DR01948,Doctor_1948,Female,D008,General Surgery,MCh,26,Morning
DR01949,Doctor_1949,Female,D009,Urology,MS,24,Evening
DR01950,Doctor_1950,Male,D010,Nephrology,DM,2,Evening
DR01951,Doctor_1951,Male,D011,Gynecology,DM,32,Evening
DR01952,Doctor_1952,Male,D012,Psychiatry,MCh,8,Evening
DR01953,Doctor_1953,Male,D013,Pulmonology,MD,1,Morning
DR01954,Doctor_1954,Male,D014,Gastroenterology,MS,30,Night
DR01955,Doctor_1955,Female,D015,Emergency,MBBS,16,Night
DR01956,Doctor_1956,Male,D016,Radiology,DM,17,Night
DR01957,Doctor_1957,Female,D017,ICU,DM,25,Morning
DR01958,Doctor_1958,Male,D018,Ophthalmology,MD,24,Morning
DR01959,Doctor_1959,Female,D019,Endocrinology,MCh,30,Morning
DR01960,Doctor_1960,Male,D020,Dental,DM,14,Morning
DR01961,Doctor_1961,Female,D001,Cardiology,MCh,31,Night
DR01962,Doctor_1962,Male,D002,Neurology,MBBS,1,Evening
DR01963,Doctor_1963,Female,D003,Orthopedics,MD,33,Night
DR01964,Doctor_1964,Male,D004,Pediatrics,MCh,15,Evening
DR01965,Doctor_1965,Female,D005,Oncology,MD,21,Morning
DR01966,Doctor_1966,Female,D006,ENT,MCh,12,Night
DR01967,Doctor_1967,Female,D007,Dermatology,MBBS,21,Night
DR01968,Doctor_1968,Male,D008,General Surgery,MBBS,17,Evening
DR01969,Doctor_1969,Male,D009,Urology,MCh,22,Morning
DR01970,Doctor_1970,Female,D010,Nephrology,MBBS,21,Night
DR01971,Doctor_1971,Male,D011,Gynecology,MD,20,Night
DR01972,Doctor_1972,Male,D012,Psychiatry,MCh,18,Evening
DR01973,Doctor_1973,Female,D013,Pulmonology,DM,10,Evening
DR01974,Doctor_1974,Female,D014,Gastroenterology,DM,14,Night
DR01975,Doctor_1975,Male,D015,Emergency,MCh,13,Evening
DR01976,Doctor_1976,Male,D016,Radiology,MD,22,Morning
DR01977,Doctor_1977,Female,D017,ICU,MS,26,Evening
DR01978,Doctor_1978,Female,D018,Ophthalmology,MD,24,Morning
DR01979,Doctor_1979,Female,D019,Endocrinology,MS,12,Night
DR01980,Doctor_1980,Female,D020,Dental,MD,25,Evening
DR01981,Doctor_1981,Male,D001,Cardiology,MD,24,Night
DR01982,Doctor_1982,Female,D002,Neurology,MCh,34,Night
DR01983,Doctor_1983,Male,D003,Orthopedics,MD,12,Night
DR01984,Doctor_1984,Female,D004,Pediatrics,MCh,17,Morning
DR01985,Doctor_1985,Female,D005,Oncology,MD,5,Evening
DR01986,Doctor_1986,Male,D006,ENT,MD,7,Evening
DR01987,Doctor_1987,Female,D007,Dermatology,MS,16,Evening
DR01988,Doctor_1988,Female,D008,General Surgery,MS,4,Night
DR01989,Doctor_1989,Male,D009,Urology,MCh,3,Morning
DR01990,Doctor_1990,Male,D010,Nephrology,MCh,17,Night
DR01991,Doctor_1991,Male,D011,Gynecology,MCh,28,Morning
DR01992,Doctor_1992,Male,D012,Psychiatry,DM,35,Evening
DR01993,Doctor_1993,Female,D013,Pulmonology,MBBS,20,Evening
DR01994,Doctor_1994,Male,D014,Gastroenterology,DM,23,Night
DR01995,Doctor_1995,Female,D015,Emergency,MBBS,13,Night
DR01996,Doctor_1996,Female,D016,Radiology,MS,18,Evening
DR01997,Doctor_1997,Male,D017,ICU,MD,3,Morning
DR01998,Doctor_1998,Female,D018,Ophthalmology,MS,12,Night
DR01999,Doctor_1999,Female,D019,Endocrinology,MS,18,Morning
DR02000,Doctor_2000,Male,D020,Dental,MCh,33,Evening
DR02001,Doctor_2001,Male,D001,Cardiology,MCh,8,Night
DR02002,Doctor_2002,Male,D002,Neurology,MBBS,16,Evening
DR02003,Doctor_2003,Female,D003,Orthopedics,MD,27,Night
DR02004,Doctor_2004,Female,D004,Pediatrics,MD,3,Evening
DR02005,Doctor_2005,Male,D005,Oncology,MBBS,21,Morning
DR02006,Doctor_2006,Male,D006,ENT,MCh,4,Morning
DR02007,Doctor_2007,Male,D007,Dermatology,MS,19,Night
DR02008,Doctor_2008,Male,D008,General Surgery,MCh,11,Evening
DR02009,Doctor_2009,Male,D009,Urology,MCh,19,Evening
DR02010,Doctor_2010,Male,D010,Nephrology,MD,29,Morning
DR02011,Doctor_2011,Female,D011,Gynecology,DM,12,Morning
DR02012,Doctor_2012,Female,D012,Psychiatry,DM,9,Night
DR02013,Doctor_2013,Female,D013,Pulmonology,MCh,16,Evening
DR02014,Doctor_2014,Female,D014,Gastroenterology,MBBS,34,Evening
DR02015,Doctor_2015,Female,D015,Emergency,MBBS,35,Night
DR02016,Doctor_2016,Male,D016,Radiology,MCh,17,Night
DR02017,Doctor_2017,Male,D017,ICU,MD,22,Evening
DR02018,Doctor_2018,Female,D018,Ophthalmology,MBBS,35,Morning
DR02019,Doctor_2019,Male,D019,Endocrinology,MD,27,Evening
DR02020,Doctor_2020,Female,D020,Dental,MBBS,10,Night
DR02021,Doctor_2021,Female,D001,Cardiology,MBBS,24,Evening
DR02022,Doctor_2022,Female,D002,Neurology,MD,30,Evening
DR02023,Doctor_2023,Male,D003,Orthopedics,MS,20,Evening
DR02024,Doctor_2024,Male,D004,Pediatrics,MS,4,Evening
DR02025,Doctor_2025,Female,D005,Oncology,MS,24,Evening
DR02026,Doctor_2026,Female,D006,ENT,MD,5,Evening
DR02027,Doctor_2027,Male,D007,Dermatology,MD,28,Morning
DR02028,Doctor_2028,Male,D008,General Surgery,MCh,19,Night
DR02029,Doctor_2029,Male,D009,Urology,DM,35,Morning
DR02030,Doctor_2030,Male,D010,Nephrology,MD,7,Night
DR02031,Doctor_2031,Male,D011,Gynecology,DM,1,Morning
DR02032,Doctor_2032,Male,D012,Psychiatry,MD,1,Night
DR02033,Doctor_2033,Male,D013,Pulmonology,MD,25,Night
DR02034,Doctor_2034,Male,D014,Gastroenterology,MD,34,Night
DR02035,Doctor_2035,Female,D015,Emergency,DM,18,Morning
DR02036,Doctor_2036,Male,D016,Radiology,MS,20,Night
DR02037,Doctor_2037,Female,D017,ICU,MBBS,24,Evening
DR02038,Doctor_2038,Male,D018,Ophthalmology,MCh,29,Morning
DR02039,Doctor_2039,Female,D019,Endocrinology,MBBS,32,Night
DR02040,Doctor_2040,Male,D020,Dental,MBBS,22,Evening
DR02041,Doctor_2041,Female,D001,Cardiology,MS,2,Night
DR02042,Doctor_2042,Female,D002,Neurology,MBBS,8,Evening
DR02043,Doctor_2043,Male,D003,Orthopedics,MBBS,26,Evening
DR02044,Doctor_2044,Male,D004,Pediatrics,MS,29,Night
DR02045,Doctor_2045,Male,D005,Oncology,DM,35,Night
DR02046,Doctor_2046,Female,D006,ENT,MCh,20,Night
DR02047,Doctor_2047,Female,D007,Dermatology,DM,14,Evening
DR02048,Doctor_2048,Male,D008,General Surgery,DM,8,Night
DR02049,Doctor_2049,Female,D009,Urology,MD,35,Evening
DR02050,Doctor_2050,Male,D010,Nephrology,MD,15,Morning
DR02051,Doctor_2051,Male,D011,Gynecology,MS,2,Evening
DR02052,Doctor_2052,Female,D012,Psychiatry,MS,4,Morning
DR02053,Doctor_2053,Female,D013,Pulmonology,MS,25,Night
DR02054,Doctor_2054,Female,D014,Gastroenterology,MCh,11,Evening
DR02055,Doctor_2055,Female,D015,Emergency,DM,19,Evening
DR02056,Doctor_2056,Male,D016,Radiology,MBBS,30,Night
DR02057,Doctor_2057,Female,D017,ICU,MD,33,Morning
DR02058,Doctor_2058,Female,D018,Ophthalmology,MD,15,Evening
DR02059,Doctor_2059,Female,D019,Endocrinology,MCh,8,Evening
DR02060,Doctor_2060,Male,D020,Dental,MCh,23,Evening
DR02061,Doctor_2061,Female,D001,Cardiology,MCh,8,Evening
DR02062,Doctor_2062,Female,D002,Neurology,MS,20,Morning
DR02063,Doctor_2063,Male,D003,Orthopedics,MBBS,5,Evening
DR02064,Doctor_2064,Female,D004,Pediatrics,MD,33,Morning
DR02065,Doctor_2065,Male,D005,Oncology,MS,14,Evening
DR02066,Doctor_2066,Female,D006,ENT,MS,17,Night
DR02067,Doctor_2067,Male,D007,Dermatology,MBBS,35,Evening
DR02068,Doctor_2068,Female,D008,General Surgery,MBBS,25,Night
DR02069,Doctor_2069,Female,D009,Urology,MBBS,23,Evening
DR02070,Doctor_2070,Male,D010,Nephrology,MS,17,Morning
DR02071,Doctor_2071,Female,D011,Gynecology,MBBS,4,Morning
DR02072,Doctor_2072,Female,D012,Psychiatry,MBBS,22,Morning
DR02073,Doctor_2073,Female,D013,Pulmonology,MS,7,Morning
DR02074,Doctor_2074,Male,D014,Gastroenterology,DM,29,Morning
DR02075,Doctor_2075,Male,D015,Emergency,MCh,18,Night
DR02076,Doctor_2076,Female,D016,Radiology,DM,17,Evening
DR02077,Doctor_2077,Male,D017,ICU,MBBS,2,Night
DR02078,Doctor_2078,Male,D018,Ophthalmology,MD,29,Evening
DR02079,Doctor_2079,Male,D019,Endocrinology,DM,27,Night
DR02080,Doctor_2080,Female,D020,Dental,DM,13,Morning
DR02081,Doctor_2081,Male,D001,Cardiology,MCh,9,Morning
DR02082,Doctor_2082,Female,D002,Neurology,DM,12,Night
DR02083,Doctor_2083,Male,D003,Orthopedics,MBBS,24,Evening
DR02084,Doctor_2084,Male,D004,Pediatrics,MBBS,28,Evening
DR02085,Doctor_2085,Male,D005,Oncology,MD,7,Evening
DR02086,Doctor_2086,Male,D006,ENT,MBBS,15,Morning
DR02087,Doctor_2087,Male,D007,Dermatology,MD,7,Evening
DR02088,Doctor_2088,Male,D008,General Surgery,MS,28,Evening
DR02089,Doctor_2089,Female,D009,Urology,MD,26,Evening
DR02090,Doctor_2090,Male,D010,Nephrology,MS,25,Evening
DR02091,Doctor_2091,Male,D011,Gynecology,MCh,7,Night
DR02092,Doctor_2092,Male,D012,Psychiatry,DM,32,Morning
DR02093,Doctor_2093,Male,D013,Pulmonology,MD,24,Morning
DR02094,Doctor_2094,Male,D014,Gastroenterology,MCh,27,Evening
DR02095,Doctor_2095,Female,D015,Emergency,DM,9,Night
DR02096,Doctor_2096,Female,D016,Radiology,DM,12,Evening
DR02097,Doctor_2097,Female,D017,ICU,MCh,7,Night
DR02098,Doctor_2098,Male,D018,Ophthalmology,MS,24,Morning
DR02099,Doctor_2099,Male,D019,Endocrinology,MD,29,Night
DR02100,Doctor_2100,Female,D020,Dental,MCh,32,Evening
DR02101,Doctor_2101,Male,D001,Cardiology,MD,15,Evening
DR02102,Doctor_2102,Female,D002,Neurology,MBBS,5,Evening
DR02103,Doctor_2103,Male,D003,Orthopedics,DM,12,Night
DR02104,Doctor_2104,Female,D004,Pediatrics,DM,1,Evening
DR02105,Doctor_2105,Male,D005,Oncology,MCh,3,Night
DR02106,Doctor_2106,Female,D006,ENT,MD,2,Night
DR02107,Doctor_2107,Male,D007,Dermatology,MD,23,Evening
DR02108,Doctor_2108,Female,D008,General Surgery,MD,23,Night
DR02109,Doctor_2109,Male,D009,Urology,MCh,17,Morning
DR02110,Doctor_2110,Male,D010,Nephrology,MD,21,Night
DR02111,Doctor_2111,Male,D011,Gynecology,MBBS,20,Morning
DR02112,Doctor_2112,Male,D012,Psychiatry,MBBS,25,Night
DR02113,Doctor_2113,Female,D013,Pulmonology,DM,23,Morning
DR02114,Doctor_2114,Female,D014,Gastroenterology,MD,3,Morning
DR02115,Doctor_2115,Female,D015,Emergency,MS,18,Night
DR02116,Doctor_2116,Female,D016,Radiology,MBBS,19,Evening
DR02117,Doctor_2117,Female,D017,ICU,MBBS,5,Morning
DR02118,Doctor_2118,Female,D018,Ophthalmology,MBBS,34,Evening
DR02119,Doctor_2119,Male,D019,Endocrinology,DM,6,Morning
DR02120,Doctor_2120,Female,D020,Dental,MBBS,25,Morning
DR02121,Doctor_2121,Male,D001,Cardiology,DM,15,Morning
DR02122,Doctor_2122,Female,D002,Neurology,MCh,1,Night
DR02123,Doctor_2123,Female,D003,Orthopedics,MCh,11,Night
DR02124,Doctor_2124,Male,D004,Pediatrics,MBBS,12,Morning
DR02125,Doctor_2125,Male,D005,Oncology,MD,21,Evening
DR02126,Doctor_2126,Female,D006,ENT,MBBS,23,Evening
DR02127,Doctor_2127,Male,D007,Dermatology,MCh,32,Morning
DR02128,Doctor_2128,Female,D008,General Surgery,MCh,1,Morning
DR02129,Doctor_2129,Female,D009,Urology,DM,14,Night
DR02130,Doctor_2130,Female,D010,Nephrology,MD,20,Morning
DR02131,Doctor_2131,Female,D011,Gynecology,DM,15,Evening
DR02132,Doctor_2132,Female,D012,Psychiatry,MBBS,6,Morning
DR02133,Doctor_2133,Male,D013,Pulmonology,MS,35,Morning
DR02134,Doctor_2134,Female,D014,Gastroenterology,MBBS,6,Night
DR02135,Doctor_2135,Male,D015,Emergency,MD,3,Night
DR02136,Doctor_2136,Male,D016,Radiology,MCh,34,Morning
DR02137,Doctor_2137,Female,D017,ICU,DM,16,Evening
DR02138,Doctor_2138,Female,D018,Ophthalmology,MD,22,Night
DR02139,Doctor_2139,Female,D019,Endocrinology,MD,29,Evening
DR02140,Doctor_2140,Female,D020,Dental,MBBS,20,Morning
DR02141,Doctor_2141,Male,D001,Cardiology,DM,20,Night
DR02142,Doctor_2142,Female,D002,Neurology,MBBS,35,Night
DR02143,Doctor_2143,Male,D003,Orthopedics,MBBS,8,Morning
DR02144,Doctor_2144,Male,D004,Pediatrics,MBBS,11,Evening
DR02145,Doctor_2145,Male,D005,Oncology,MBBS,35,Evening
DR02146,Doctor_2146,Female,D006,ENT,DM,14,Evening
DR02147,Doctor_2147,Male,D007,Dermatology,MS,16,Evening
DR02148,Doctor_2148,Male,D008,General Surgery,DM,17,Evening
DR02149,Doctor_2149,Female,D009,Urology,MS,10,Morning
DR02150,Doctor_2150,Female,D010,Nephrology,MCh,32,Night
DR02151,Doctor_2151,Male,D011,Gynecology,MD,6,Evening
DR02152,Doctor_2152,Female,D012,Psychiatry,MD,31,Morning
DR02153,Doctor_2153,Male,D013,Pulmonology,MCh,30,Night
DR02154,Doctor_2154,Male,D014,Gastroenterology,MBBS,21,Morning
DR02155,Doctor_2155,Male,D015,Emergency,MCh,25,Night
DR02156,Doctor_2156,Male,D016,Radiology,MBBS,13,Night
DR02157,Doctor_2157,Female,D017,ICU,MBBS,8,Morning
DR02158,Doctor_2158,Female,D018,Ophthalmology,MS,8,Morning
DR02159,Doctor_2159,Female,D019,Endocrinology,MS,13,Evening
DR02160,Doctor_2160,Female,D020,Dental,MCh,8,Night
DR02161,Doctor_2161,Female,D001,Cardiology,MD,17,Evening
DR02162,Doctor_2162,Female,D002,Neurology,MBBS,28,Night
DR02163,Doctor_2163,Male,D003,Orthopedics,MD,9,Evening
DR02164,Doctor_2164,Male,D004,Pediatrics,MD,34,Night
DR02165,Doctor_2165,Male,D005,Oncology,DM,35,Morning
DR02166,Doctor_2166,Male,D006,ENT,MD,12,Morning
DR02167,Doctor_2167,Female,D007,Dermatology,MBBS,31,Evening
DR02168,Doctor_2168,Female,D008,General Surgery,MBBS,15,Morning
DR02169,Doctor_2169,Male,D009,Urology,MBBS,7,Night
DR02170,Doctor_2170,Male,D010,Nephrology,MBBS,24,Morning
DR02171,Doctor_2171,Female,D011,Gynecology,MCh,22,Evening
DR02172,Doctor_2172,Female,D012,Psychiatry,MCh,28,Night
DR02173,Doctor_2173,Male,D013,Pulmonology,MCh,3,Evening
DR02174,Doctor_2174,Male,D014,Gastroenterology,MD,11,Night
DR02175,Doctor_2175,Female,D015,Emergency,DM,15,Evening
DR02176,Doctor_2176,Female,D016,Radiology,MD,5,Evening
DR02177,Doctor_2177,Female,D017,ICU,DM,18,Night
DR02178,Doctor_2178,Female,D018,Ophthalmology,DM,17,Night
DR02179,Doctor_2179,Female,D019,Endocrinology,MBBS,29,Evening
DR02180,Doctor_2180,Female,D020,Dental,MCh,2,Night
DR02181,Doctor_2181,Female,D001,Cardiology,MD,35,Evening
DR02182,Doctor_2182,Female,D002,Neurology,MBBS,32,Evening
DR02183,Doctor_2183,Male,D003,Orthopedics,MBBS,11,Evening
DR02184,Doctor_2184,Female,D004,Pediatrics,MS,31,Night
DR02185,Doctor_2185,Female,D005,Oncology,MCh,22,Evening
DR02186,Doctor_2186,Male,D006,ENT,DM,2,Night
DR02187,Doctor_2187,Male,D007,Dermatology,MS,19,Morning
DR02188,Doctor_2188,Female,D008,General Surgery,MS,21,Night
DR02189,Doctor_2189,Female,D009,Urology,DM,1,Morning
DR02190,Doctor_2190,Male,D010,Nephrology,MD,24,Morning
DR02191,Doctor_2191,Female,D011,Gynecology,MS,25,Morning
DR02192,Doctor_2192,Female,D012,Psychiatry,MCh,34,Morning
DR02193,Doctor_2193,Male,D013,Pulmonology,MS,3,Night
DR02194,Doctor_2194,Male,D014,Gastroenterology,MCh,5,Night
DR02195,Doctor_2195,Female,D015,Emergency,MS,27,Night
DR02196,Doctor_2196,Female,D016,Radiology,MS,25,Night
DR02197,Doctor_2197,Female,D017,ICU,MD,18,Night
DR02198,Doctor_2198,Male,D018,Ophthalmology,MD,32,Evening
DR02199,Doctor_2199,Male,D019,Endocrinology,DM,8,Morning
DR02200,Doctor_2200,Female,D020,Dental,MBBS,27,Night
DR02201,Doctor_2201,Female,D001,Cardiology,MBBS,8,Morning
DR02202,Doctor_2202,Female,D002,Neurology,DM,15,Evening
DR02203,Doctor_2203,Male,D003,Orthopedics,DM,24,Evening
DR02204,Doctor_2204,Male,D004,Pediatrics,DM,9,Morning
DR02205,Doctor_2205,Male,D005,Oncology,MD,32,Night
DR02206,Doctor_2206,Male,D006,ENT,MD,31,Evening
DR02207,Doctor_2207,Female,D007,Dermatology,MBBS,7,Evening
DR02208,Doctor_2208,Female,D008,General Surgery,MD,33,Night
DR02209,Doctor_2209,Female,D009,Urology,MBBS,19,Night
DR02210,Doctor_2210,Male,D010,Nephrology,MS,11,Morning
DR02211,Doctor_2211,Male,D011,Gynecology,MCh,33,Night
DR02212,Doctor_2212,Female,D012,Psychiatry,MD,31,Morning
DR02213,Doctor_2213,Male,D013,Pulmonology,MD,35,Evening
DR02214,Doctor_2214,Female,D014,Gastroenterology,MS,4,Evening
DR02215,Doctor_2215,Female,D015,Emergency,MBBS,15,Evening
DR02216,Doctor_2216,Female,D016,Radiology,DM,10,Evening
DR02217,Doctor_2217,Male,D017,ICU,MD,16,Night
DR02218,Doctor_2218,Male,D018,Ophthalmology,DM,11,Morning
DR02219,Doctor_2219,Female,D019,Endocrinology,DM,21,Night
DR02220,Doctor_2220,Female,D020,Dental,MD,12,Morning
DR02221,Doctor_2221,Female,D001,Cardiology,DM,1,Night
DR02222,Doctor_2222,Female,D002,Neurology,MBBS,5,Morning
DR02223,Doctor_2223,Female,D003,Orthopedics,MD,15,Night
DR02224,Doctor_2224,Male,D004,Pediatrics,MD,16,Morning
DR02225,Doctor_2225,Female,D005,Oncology,MBBS,5,Evening
DR02226,Doctor_2226,Female,D006,ENT,MBBS,3,Night
DR02227,Doctor_2227,Male,D007,Dermatology,MCh,33,Morning
DR02228,Doctor_2228,Female,D008,General Surgery,MCh,29,Evening
DR02229,Doctor_2229,Male,D009,Urology,MS,6,Morning
DR02230,Doctor_2230,Female,D010,Nephrology,MBBS,22,Morning
DR02231,Doctor_2231,Male,D011,Gynecology,MS,4,Evening
DR02232,Doctor_2232,Female,D012,Psychiatry,MBBS,31,Morning
DR02233,Doctor_2233,Female,D013,Pulmonology,MBBS,14,Morning
DR02234,Doctor_2234,Male,D014,Gastroenterology,MBBS,9,Night
DR02235,Doctor_2235,Male,D015,Emergency,MBBS,5,Morning
DR02236,Doctor_2236,Female,D016,Radiology,MCh,17,Morning
DR02237,Doctor_2237,Male,D017,ICU,MBBS,22,Morning
DR02238,Doctor_2238,Male,D018,Ophthalmology,MD,13,Night
DR02239,Doctor_2239,Female,D019,Endocrinology,MCh,34,Morning
DR02240,Doctor_2240,Male,D020,Dental,MBBS,15,Morning
DR02241,Doctor_2241,Male,D001,Cardiology,MBBS,7,Evening
DR02242,Doctor_2242,Female,D002,Neurology,DM,35,Evening
DR02243,Doctor_2243,Female,D003,Orthopedics,DM,3,Night
DR02244,Doctor_2244,Male,D004,Pediatrics,MBBS,29,Morning
DR02245,Doctor_2245,Female,D005,Oncology,DM,30,Night
DR02246,Doctor_2246,Female,D006,ENT,MCh,28,Morning
DR02247,Doctor_2247,Male,D007,Dermatology,MCh,21,Night
DR02248,Doctor_2248,Female,D008,General Surgery,MBBS,10,Morning
DR02249,Doctor_2249,Female,D009,Urology,MS,35,Night
DR02250,Doctor_2250,Female,D010,Nephrology,DM,6,Evening
DR02251,Doctor_2251,Male,D011,Gynecology,MS,9,Night
DR02252,Doctor_2252,Male,D012,Psychiatry,MCh,15,Evening
DR02253,Doctor_2253,Female,D013,Pulmonology,MD,23,Evening
DR02254,Doctor_2254,Female,D014,Gastroenterology,MD,20,Night
DR02255,Doctor_2255,Female,D015,Emergency,MD,20,Morning
DR02256,Doctor_2256,Male,D016,Radiology,MBBS,20,Evening
DR02257,Doctor_2257,Female,D017,ICU,MS,20,Morning
DR02258,Doctor_2258,Female,D018,Ophthalmology,MS,15,Morning
DR02259,Doctor_2259,Female,D019,Endocrinology,MCh,7,Morning
DR02260,Doctor_2260,Male,D020,Dental,MCh,17,Morning
DR02261,Doctor_2261,Female,D001,Cardiology,MCh,32,Evening
DR02262,Doctor_2262,Female,D002,Neurology,DM,2,Night
DR02263,Doctor_2263,Female,D003,Orthopedics,MS,3,Evening
DR02264,Doctor_2264,Male,D004,Pediatrics,DM,26,Morning
DR02265,Doctor_2265,Female,D005,Oncology,MS,13,Morning
DR02266,Doctor_2266,Male,D006,ENT,MCh,31,Evening
DR02267,Doctor_2267,Male,D007,Dermatology,MD,6,Evening
DR02268,Doctor_2268,Male,D008,General Surgery,MS,25,Night
DR02269,Doctor_2269,Male,D009,Urology,MCh,33,Morning
DR02270,Doctor_2270,Male,D010,Nephrology,DM,29,Night
DR02271,Doctor_2271,Male,D011,Gynecology,MCh,10,Morning
DR02272,Doctor_2272,Female,D012,Psychiatry,MBBS,6,Night
DR02273,Doctor_2273,Male,D013,Pulmonology,MD,6,Evening
DR02274,Doctor_2274,Female,D014,Gastroenterology,DM,22,Night
DR02275,Doctor_2275,Male,D015,Emergency,MD,23,Morning
DR02276,Doctor_2276,Male,D016,Radiology,MBBS,29,Morning
DR02277,Doctor_2277,Female,D017,ICU,MD,22,Morning
DR02278,Doctor_2278,Female,D018,Ophthalmology,MBBS,14,Morning
DR02279,Doctor_2279,Male,D019,Endocrinology,MBBS,35,Evening
DR02280,Doctor_2280,Female,D020,Dental,DM,6,Evening
DR02281,Doctor_2281,Male,D001,Cardiology,MCh,10,Evening
DR02282,Doctor_2282,Female,D002,Neurology,MS,20,Night
DR02283,Doctor_2283,Male,D003,Orthopedics,DM,18,Evening
DR02284,Doctor_2284,Female,D004,Pediatrics,MCh,15,Morning
DR02285,Doctor_2285,Male,D005,Oncology,MS,31,Evening
DR02286,Doctor_2286,Female,D006,ENT,MBBS,18,Evening
DR02287,Doctor_2287,Male,D007,Dermatology,MS,20,Morning
DR02288,Doctor_2288,Male,D008,General Surgery,MBBS,32,Morning
DR02289,Doctor_2289,Female,D009,Urology,MBBS,28,Evening
DR02290,Doctor_2290,Male,D010,Nephrology,MCh,12,Morning
DR02291,Doctor_2291,Female,D011,Gynecology,MD,20,Evening
DR02292,Doctor_2292,Male,D012,Psychiatry,MCh,33,Night
DR02293,Doctor_2293,Female,D013,Pulmonology,DM,9,Evening
DR02294,Doctor_2294,Male,D014,Gastroenterology,MS,25,Morning
DR02295,Doctor_2295,Female,D015,Emergency,MCh,5,Night
DR02296,Doctor_2296,Female,D016,Radiology,MD,32,Morning
DR02297,Doctor_2297,Female,D017,ICU,DM,8,Night
DR02298,Doctor_2298,Male,D018,Ophthalmology,MCh,18,Evening
DR02299,Doctor_2299,Male,D019,Endocrinology,MS,1,Evening
DR02300,Doctor_2300,Female,D020,Dental,MS,5,Night
DR02301,Doctor_2301,Female,D001,Cardiology,DM,28,Night
DR02302,Doctor_2302,Female,D002,Neurology,MBBS,4,Evening
DR02303,Doctor_2303,Male,D003,Orthopedics,MD,35,Morning
DR02304,Doctor_2304,Female,D004,Pediatrics,MS,15,Night
DR02305,Doctor_2305,Male,D005,Oncology,MS,2,Night
DR02306,Doctor_2306,Female,D006,ENT,MS,33,Morning
DR02307,Doctor_2307,Male,D007,Dermatology,MBBS,23,Evening
DR02308,Doctor_2308,Male,D008,General Surgery,MCh,33,Morning
DR02309,Doctor_2309,Female,D009,Urology,MD,24,Evening
DR02310,Doctor_2310,Male,D010,Nephrology,MCh,16,Morning
DR02311,Doctor_2311,Male,D011,Gynecology,DM,28,Evening
DR02312,Doctor_2312,Female,D012,Psychiatry,MCh,24,Night
DR02313,Doctor_2313,Female,D013,Pulmonology,MD,1,Night
DR02314,Doctor_2314,Male,D014,Gastroenterology,DM,5,Morning
DR02315,Doctor_2315,Female,D015,Emergency,MCh,31,Morning
DR02316,Doctor_2316,Male,D016,Radiology,MCh,14,Morning
DR02317,Doctor_2317,Female,D017,ICU,MCh,33,Night
DR02318,Doctor_2318,Male,D018,Ophthalmology,MD,24,Morning
DR02319,Doctor_2319,Female,D019,Endocrinology,MD,30,Night
DR02320,Doctor_2320,Male,D020,Dental,MS,5,Evening
DR02321,Doctor_2321,Female,D001,Cardiology,MD,19,Evening
DR02322,Doctor_2322,Male,D002,Neurology,MBBS,4,Evening
DR02323,Doctor_2323,Female,D003,Orthopedics,MBBS,12,Evening
DR02324,Doctor_2324,Female,D004,Pediatrics,MS,5,Night
DR02325,Doctor_2325,Male,D005,Oncology,DM,30,Night
DR02326,Doctor_2326,Female,D006,ENT,MCh,31,Morning
DR02327,Doctor_2327,Male,D007,Dermatology,MD,34,Night
DR02328,Doctor_2328,Male,D008,General Surgery,DM,28,Morning
DR02329,Doctor_2329,Male,D009,Urology,DM,9,Night
DR02330,Doctor_2330,Male,D010,Nephrology,MCh,10,Evening
DR02331,Doctor_2331,Female,D011,Gynecology,MBBS,30,Evening
DR02332,Doctor_2332,Female,D012,Psychiatry,MS,26,Night
DR02333,Doctor_2333,Female,D013,Pulmonology,MBBS,33,Morning
DR02334,Doctor_2334,Male,D014,Gastroenterology,MCh,23,Morning
DR02335,Doctor_2335,Female,D015,Emergency,MBBS,23,Night
DR02336,Doctor_2336,Female,D016,Radiology,MD,20,Evening
DR02337,Doctor_2337,Male,D017,ICU,MS,35,Night
DR02338,Doctor_2338,Male,D018,Ophthalmology,MS,32,Evening
DR02339,Doctor_2339,Female,D019,Endocrinology,MS,15,Evening
DR02340,Doctor_2340,Female,D020,Dental,MCh,28,Evening
DR02341,Doctor_2341,Male,D001,Cardiology,MS,8,Evening
DR02342,Doctor_2342,Male,D002,Neurology,MS,12,Night
DR02343,Doctor_2343,Male,D003,Orthopedics,MS,15,Morning
DR02344,Doctor_2344,Male,D004,Pediatrics,MD,30,Morning
DR02345,Doctor_2345,Female,D005,Oncology,MBBS,5,Night
DR02346,Doctor_2346,Female,D006,ENT,DM,35,Evening
DR02347,Doctor_2347,Male,D007,Dermatology,MS,31,Evening
DR02348,Doctor_2348,Male,D008,General Surgery,MBBS,6,Evening
DR02349,Doctor_2349,Male,D009,Urology,MS,20,Evening
DR02350,Doctor_2350,Female,D010,Nephrology,MBBS,14,Morning
DR02351,Doctor_2351,Male,D011,Gynecology,MCh,16,Evening
DR02352,Doctor_2352,Female,D012,Psychiatry,MD,28,Morning
DR02353,Doctor_2353,Male,D013,Pulmonology,MD,24,Evening
DR02354,Doctor_2354,Female,D014,Gastroenterology,MCh,21,Evening
DR02355,Doctor_2355,Male,D015,Emergency,DM,10,Night
DR02356,Doctor_2356,Female,D016,Radiology,MS,13,Morning
DR02357,Doctor_2357,Female,D017,ICU,DM,19,Night
DR02358,Doctor_2358,Female,D018,Ophthalmology,MBBS,5,Morning
DR02359,Doctor_2359,Male,D019,Endocrinology,MCh,21,Morning
DR02360,Doctor_2360,Male,D020,Dental,MD,32,Night
DR02361,Doctor_2361,Male,D001,Cardiology,DM,12,Night
DR02362,Doctor_2362,Female,D002,Neurology,MD,4,Morning
DR02363,Doctor_2363,Male,D003,Orthopedics,MD,3,Night
DR02364,Doctor_2364,Male,D004,Pediatrics,MCh,32,Evening
DR02365,Doctor_2365,Male,D005,Oncology,MCh,31,Evening
DR02366,Doctor_2366,Female,D006,ENT,MCh,3,Evening
DR02367,Doctor_2367,Male,D007,Dermatology,DM,23,Morning
DR02368,Doctor_2368,Female,D008,General Surgery,MD,25,Night
DR02369,Doctor_2369,Male,D009,Urology,MCh,13,Night
DR02370,Doctor_2370,Male,D010,Nephrology,MD,11,Night
DR02371,Doctor_2371,Male,D011,Gynecology,DM,2,Morning
DR02372,Doctor_2372,Male,D012,Psychiatry,MCh,8,Night
DR02373,Doctor_2373,Female,D013,Pulmonology,MCh,12,Morning
DR02374,Doctor_2374,Female,D014,Gastroenterology,DM,3,Morning
DR02375,Doctor_2375,Female,D015,Emergency,MBBS,14,Morning
DR02376,Doctor_2376,Female,D016,Radiology,MBBS,30,Morning
DR02377,Doctor_2377,Male,D017,ICU,DM,12,Evening
DR02378,Doctor_2378,Female,D018,Ophthalmology,MCh,6,Night
DR02379,Doctor_2379,Female,D019,Endocrinology,MCh,19,Evening
DR02380,Doctor_2380,Male,D020,Dental,DM,24,Night
DR02381,Doctor_2381,Male,D001,Cardiology,MS,32,Morning
DR02382,Doctor_2382,Male,D002,Neurology,MD,22,Night
DR02383,Doctor_2383,Male,D003,Orthopedics,DM,30,Evening
DR02384,Doctor_2384,Female,D004,Pediatrics,DM,35,Night
DR02385,Doctor_2385,Male,D005,Oncology,MBBS,1,Morning
DR02386,Doctor_2386,Female,D006,ENT,MCh,7,Night
DR02387,Doctor_2387,Male,D007,Dermatology,MBBS,3,Night
DR02388,Doctor_2388,Male,D008,General Surgery,MBBS,9,Evening
DR02389,Doctor_2389,Female,D009,Urology,MCh,2,Night
DR02390,Doctor_2390,Female,D010,Nephrology,MCh,8,Night
DR02391,Doctor_2391,Female,D011,Gynecology,DM,12,Evening
DR02392,Doctor_2392,Male,D012,Psychiatry,MBBS,29,Night
DR02393,Doctor_2393,Male,D013,Pulmonology,MCh,31,Evening
DR02394,Doctor_2394,Female,D014,Gastroenterology,MBBS,6,Night
DR02395,Doctor_2395,Male,D015,Emergency,MS,30,Morning
DR02396,Doctor_2396,Female,D016,Radiology,MD,31,Morning
DR02397,Doctor_2397,Male,D017,ICU,MS,33,Night
DR02398,Doctor_2398,Male,D018,Ophthalmology,DM,27,Evening
DR02399,Doctor_2399,Female,D019,Endocrinology,DM,1,Evening
DR02400,Doctor_2400,Female,D020,Dental,MD,31,Evening
DR02401,Doctor_2401,Female,D001,Cardiology,MS,32,Morning
DR02402,Doctor_2402,Male,D002,Neurology,MS,19,Night
DR02403,Doctor_2403,Female,D003,Orthopedics,MD,14,Morning
DR02404,Doctor_2404,Male,D004,Pediatrics,MD,23,Morning
DR02405,Doctor_2405,Male,D005,Oncology,MCh,10,Morning
DR02406,Doctor_2406,Female,D006,ENT,MCh,21,Morning
DR02407,Doctor_2407,Female,D007,Dermatology,MD,29,Night
DR02408,Doctor_2408,Male,D008,General Surgery,MCh,8,Morning
DR02409,Doctor_2409,Male,D009,Urology,MCh,6,Night
DR02410,Doctor_2410,Female,D010,Nephrology,MS,12,Night
DR02411,Doctor_2411,Male,D011,Gynecology,DM,12,Morning
DR02412,Doctor_2412,Male,D012,Psychiatry,MBBS,34,Evening
DR02413,Doctor_2413,Male,D013,Pulmonology,MS,30,Night
DR02414,Doctor_2414,Male,D014,Gastroenterology,MCh,18,Morning
DR02415,Doctor_2415,Female,D015,Emergency,MS,31,Morning
DR02416,Doctor_2416,Male,D016,Radiology,MD,31,Morning
DR02417,Doctor_2417,Male,D017,ICU,MS,24,Night
DR02418,Doctor_2418,Male,D018,Ophthalmology,MD,13,Morning
DR02419,Doctor_2419,Male,D019,Endocrinology,MBBS,11,Morning
DR02420,Doctor_2420,Female,D020,Dental,MBBS,8,Morning
DR02421,Doctor_2421,Female,D001,Cardiology,MS,6,Night
DR02422,Doctor_2422,Female,D002,Neurology,MD,23,Evening
DR02423,Doctor_2423,Male,D003,Orthopedics,DM,33,Morning
DR02424,Doctor_2424,Male,D004,Pediatrics,DM,5,Morning
DR02425,Doctor_2425,Male,D005,Oncology,MD,14,Evening
DR02426,Doctor_2426,Male,D006,ENT,MD,13,Evening
DR02427,Doctor_2427,Male,D007,Dermatology,MS,5,Evening
DR02428,Doctor_2428,Female,D008,General Surgery,MBBS,24,Evening
DR02429,Doctor_2429,Female,D009,Urology,MD,26,Night
DR02430,Doctor_2430,Female,D010,Nephrology,MD,15,Evening
DR02431,Doctor_2431,Male,D011,Gynecology,MD,35,Evening
DR02432,Doctor_2432,Male,D012,Psychiatry,MS,1,Evening
DR02433,Doctor_2433,Female,D013,Pulmonology,MCh,5,Night
DR02434,Doctor_2434,Male,D014,Gastroenterology,MS,17,Evening
DR02435,Doctor_2435,Male,D015,Emergency,MD,15,Evening
DR02436,Doctor_2436,Female,D016,Radiology,MBBS,18,Evening
DR02437,Doctor_2437,Male,D017,ICU,MBBS,34,Evening
DR02438,Doctor_2438,Female,D018,Ophthalmology,MS,33,Night
DR02439,Doctor_2439,Female,D019,Endocrinology,MBBS,11,Evening
DR02440,Doctor_2440,Male,D020,Dental,MS,17,Night
DR02441,Doctor_2441,Male,D001,Cardiology,DM,2,Morning
DR02442,Doctor_2442,Female,D002,Neurology,MD,3,Night
DR02443,Doctor_2443,Male,D003,Orthopedics,DM,26,Evening
DR02444,Doctor_2444,Male,D004,Pediatrics,MCh,26,Night
DR02445,Doctor_2445,Female,D005,Oncology,MCh,33,Night
DR02446,Doctor_2446,Male,D006,ENT,MS,32,Morning
DR02447,Doctor_2447,Female,D007,Dermatology,MS,5,Night
DR02448,Doctor_2448,Male,D008,General Surgery,MCh,1,Evening
DR02449,Doctor_2449,Female,D009,Urology,DM,14,Evening
DR02450,Doctor_2450,Female,D010,Nephrology,MBBS,5,Evening
DR02451,Doctor_2451,Female,D011,Gynecology,DM,10,Morning
DR02452,Doctor_2452,Female,D012,Psychiatry,MCh,27,Morning
DR02453,Doctor_2453,Female,D013,Pulmonology,MCh,28,Evening
DR02454,Doctor_2454,Female,D014,Gastroenterology,MCh,23,Night
DR02455,Doctor_2455,Male,D015,Emergency,MBBS,6,Morning
DR02456,Doctor_2456,Female,D016,Radiology,DM,7,Morning
DR02457,Doctor_2457,Male,D017,ICU,MCh,13,Night
DR02458,Doctor_2458,Female,D018,Ophthalmology,MCh,5,Night
DR02459,Doctor_2459,Male,D019,Endocrinology,MBBS,16,Night
DR02460,Doctor_2460,Female,D020,Dental,MD,9,Evening
DR02461,Doctor_2461,Female,D001,Cardiology,MCh,12,Morning
DR02462,Doctor_2462,Male,D002,Neurology,MD,31,Morning
DR02463,Doctor_2463,Male,D003,Orthopedics,MCh,3,Morning
DR02464,Doctor_2464,Female,D004,Pediatrics,MD,18,Night
DR02465,Doctor_2465,Male,D005,Oncology,MS,21,Night
DR02466,Doctor_2466,Male,D006,ENT,MCh,35,Evening
DR02467,Doctor_2467,Female,D007,Dermatology,MS,20,Night
DR02468,Doctor_2468,Female,D008,General Surgery,MS,8,Morning
DR02469,Doctor_2469,Male,D009,Urology,MS,24,Night
DR02470,Doctor_2470,Female,D010,Nephrology,MBBS,7,Evening
DR02471,Doctor_2471,Female,D011,Gynecology,MCh,26,Evening
DR02472,Doctor_2472,Female,D012,Psychiatry,MD,35,Night
DR02473,Doctor_2473,Female,D013,Pulmonology,MS,19,Evening
DR02474,Doctor_2474,Male,D014,Gastroenterology,MBBS,35,Morning
DR02475,Doctor_2475,Male,D015,Emergency,MD,24,Morning
DR02476,Doctor_2476,Female,D016,Radiology,MS,20,Evening
DR02477,Doctor_2477,Male,D017,ICU,MD,14,Night
DR02478,Doctor_2478,Male,D018,Ophthalmology,MCh,17,Evening
DR02479,Doctor_2479,Male,D019,Endocrinology,MBBS,33,Evening
DR02480,Doctor_2480,Male,D020,Dental,MD,8,Night
DR02481,Doctor_2481,Male,D001,Cardiology,MCh,3,Night
DR02482,Doctor_2482,Female,D002,Neurology,MD,20,Morning
DR02483,Doctor_2483,Female,D003,Orthopedics,MBBS,31,Morning
DR02484,Doctor_2484,Male,D004,Pediatrics,MS,15,Morning
DR02485,Doctor_2485,Male,D005,Oncology,MCh,7,Evening
DR02486,Doctor_2486,Male,D006,ENT,MS,32,Morning
DR02487,Doctor_2487,Female,D007,Dermatology,DM,14,Evening
DR02488,Doctor_2488,Male,D008,General Surgery,MBBS,22,Night
DR02489,Doctor_2489,Male,D009,Urology,MCh,32,Night
DR02490,Doctor_2490,Female,D010,Nephrology,MS,14,Night
DR02491,Doctor_2491,Male,D011,Gynecology,DM,1,Evening
DR02492,Doctor_2492,Male,D012,Psychiatry,MD,34,Night
DR02493,Doctor_2493,Male,D013,Pulmonology,DM,33,Night
DR02494,Doctor_2494,Female,D014,Gastroenterology,MBBS,34,Morning
DR02495,Doctor_2495,Male,D015,Emergency,DM,8,Night
DR02496,Doctor_2496,Female,D016,Radiology,DM,21,Evening
DR02497,Doctor_2497,Female,D017,ICU,MD,32,Evening
DR02498,Doctor_2498,Female,D018,Ophthalmology,MD,20,Evening
DR02499,Doctor_2499,Female,D019,Endocrinology,MD,19,Evening
DR02500,Doctor_2500,Male,D020,Dental,MS,10,Evening
DR02501,Doctor_2501,Female,D001,Cardiology,DM,23,Evening
DR02502,Doctor_2502,Female,D002,Neurology,DM,26,Night
DR02503,Doctor_2503,Female,D003,Orthopedics,MD,24,Morning
DR02504,Doctor_2504,Male,D004,Pediatrics,MBBS,13,Evening
DR02505,Doctor_2505,Female,D005,Oncology,MD,31,Evening
DR02506,Doctor_2506,Male,D006,ENT,DM,15,Morning
DR02507,Doctor_2507,Female,D007,Dermatology,MBBS,21,Evening
DR02508,Doctor_2508,Male,D008,General Surgery,MD,19,Evening
DR02509,Doctor_2509,Male,D009,Urology,DM,10,Morning
DR02510,Doctor_2510,Male,D010,Nephrology,MCh,15,Morning
DR02511,Doctor_2511,Male,D011,Gynecology,MS,28,Night
DR02512,Doctor_2512,Male,D012,Psychiatry,MCh,5,Morning
DR02513,Doctor_2513,Male,D013,Pulmonology,MD,16,Morning
DR02514,Doctor_2514,Male,D014,Gastroenterology,MBBS,6,Morning
DR02515,Doctor_2515,Male,D015,Emergency,MD,3,Morning
DR02516,Doctor_2516,Female,D016,Radiology,MD,5,Morning
DR02517,Doctor_2517,Male,D017,ICU,MBBS,25,Night
DR02518,Doctor_2518,Female,D018,Ophthalmology,MBBS,1,Night
DR02519,Doctor_2519,Female,D019,Endocrinology,MS,3,Morning
DR02520,Doctor_2520,Male,D020,Dental,MCh,9,Night
DR02521,Doctor_2521,Male,D001,Cardiology,DM,18,Night
DR02522,Doctor_2522,Male,D002,Neurology,MBBS,10,Morning
DR02523,Doctor_2523,Male,D003,Orthopedics,MCh,30,Night
DR02524,Doctor_2524,Female,D004,Pediatrics,MD,35,Night
DR02525,Doctor_2525,Male,D005,Oncology,MD,17,Morning
DR02526,Doctor_2526,Female,D006,ENT,MS,29,Morning
DR02527,Doctor_2527,Male,D007,Dermatology,MCh,24,Night
DR02528,Doctor_2528,Male,D008,General Surgery,DM,34,Evening
DR02529,Doctor_2529,Female,D009,Urology,MBBS,13,Night
DR02530,Doctor_2530,Female,D010,Nephrology,DM,14,Evening
DR02531,Doctor_2531,Female,D011,Gynecology,MBBS,15,Evening
DR02532,Doctor_2532,Male,D012,Psychiatry,DM,15,Night
DR02533,Doctor_2533,Male,D013,Pulmonology,MBBS,34,Morning
DR02534,Doctor_2534,Male,D014,Gastroenterology,DM,29,Morning
DR02535,Doctor_2535,Female,D015,Emergency,MBBS,23,Morning
DR02536,Doctor_2536,Male,D016,Radiology,MCh,12,Evening
DR02537,Doctor_2537,Female,D017,ICU,MD,9,Morning
DR02538,Doctor_2538,Male,D018,Ophthalmology,MD,6,Evening
DR02539,Doctor_2539,Female,D019,Endocrinology,DM,20,Night
DR02540,Doctor_2540,Female,D020,Dental,MBBS,20,Morning
DR02541,Doctor_2541,Male,D001,Cardiology,MS,35,Morning
DR02542,Doctor_2542,Female,D002,Neurology,DM,6,Morning
DR02543,Doctor_2543,Male,D003,Orthopedics,MCh,22,Night
DR02544,Doctor_2544,Male,D004,Pediatrics,MD,12,Morning
DR02545,Doctor_2545,Female,D005,Oncology,MD,23,Night
DR02546,Doctor_2546,Male,D006,ENT,DM,28,Night
DR02547,Doctor_2547,Male,D007,Dermatology,MBBS,27,Morning
DR02548,Doctor_2548,Male,D008,General Surgery,MBBS,9,Morning
DR02549,Doctor_2549,Male,D009,Urology,MS,34,Evening
DR02550,Doctor_2550,Male,D010,Nephrology,MBBS,34,Morning
DR02551,Doctor_2551,Male,D011,Gynecology,MD,26,Morning
DR02552,Doctor_2552,Male,D012,Psychiatry,MCh,31,Night
DR02553,Doctor_2553,Female,D013,Pulmonology,MBBS,12,Morning
DR02554,Doctor_2554,Male,D014,Gastroenterology,MCh,2,Evening
DR02555,Doctor_2555,Male,D015,Emergency,MD,35,Night
DR02556,Doctor_2556,Female,D016,Radiology,MS,2,Night
DR02557,Doctor_2557,Female,D017,ICU,MS,28,Evening
DR02558,Doctor_2558,Female,D018,Ophthalmology,MBBS,26,Morning
DR02559,Doctor_2559,Female,D019,Endocrinology,MD,7,Evening
DR02560,Doctor_2560,Female,D020,Dental,DM,1,Evening
DR02561,Doctor_2561,Male,D001,Cardiology,MD,16,Night
DR02562,Doctor_2562,Male,D002,Neurology,MBBS,13,Morning
DR02563,Doctor_2563,Female,D003,Orthopedics,MS,8,Morning
DR02564,Doctor_2564,Male,D004,Pediatrics,MBBS,23,Night
DR02565,Doctor_2565,Male,D005,Oncology,MCh,29,Morning
DR02566,Doctor_2566,Male,D006,ENT,MD,21,Evening
DR02567,Doctor_2567,Male,D007,Dermatology,MBBS,6,Morning
DR02568,Doctor_2568,Female,D008,General Surgery,MCh,34,Night
DR02569,Doctor_2569,Female,D009,Urology,MD,23,Morning
DR02570,Doctor_2570,Female,D010,Nephrology,MD,22,Night
DR02571,Doctor_2571,Female,D011,Gynecology,DM,30,Night
DR02572,Doctor_2572,Male,D012,Psychiatry,MD,5,Night
DR02573,Doctor_2573,Female,D013,Pulmonology,MD,31,Evening
DR02574,Doctor_2574,Female,D014,Gastroenterology,MCh,29,Evening
DR02575,Doctor_2575,Male,D015,Emergency,MBBS,20,Morning
DR02576,Doctor_2576,Male,D016,Radiology,DM,22,Evening
DR02577,Doctor_2577,Female,D017,ICU,MCh,10,Night
DR02578,Doctor_2578,Female,D018,Ophthalmology,DM,34,Morning
DR02579,Doctor_2579,Female,D019,Endocrinology,MD,32,Evening
DR02580,Doctor_2580,Female,D020,Dental,MCh,22,Night
DR02581,Doctor_2581,Male,D001,Cardiology,MCh,14,Morning
DR02582,Doctor_2582,Female,D002,Neurology,MBBS,6,Morning
DR02583,Doctor_2583,Female,D003,Orthopedics,MD,28,Evening
DR02584,Doctor_2584,Male,D004,Pediatrics,MCh,17,Morning
DR02585,Doctor_2585,Male,D005,Oncology,MD,21,Morning
DR02586,Doctor_2586,Male,D006,ENT,DM,27,Evening
DR02587,Doctor_2587,Male,D007,Dermatology,MS,27,Night
DR02588,Doctor_2588,Female,D008,General Surgery,MS,13,Evening
DR02589,Doctor_2589,Male,D009,Urology,MD,21,Evening
DR02590,Doctor_2590,Female,D010,Nephrology,DM,8,Evening
DR02591,Doctor_2591,Male,D011,Gynecology,MBBS,32,Morning
DR02592,Doctor_2592,Female,D012,Psychiatry,MCh,26,Night
DR02593,Doctor_2593,Female,D013,Pulmonology,MBBS,7,Night
DR02594,Doctor_2594,Female,D014,Gastroenterology,MCh,11,Night
DR02595,Doctor_2595,Male,D015,Emergency,DM,13,Evening
DR02596,Doctor_2596,Female,D016,Radiology,MS,12,Morning
DR02597,Doctor_2597,Female,D017,ICU,MS,22,Night
DR02598,Doctor_2598,Female,D018,Ophthalmology,MBBS,16,Morning
DR02599,Doctor_2599,Female,D019,Endocrinology,MS,7,Morning
DR02600,Doctor_2600,Male,D020,Dental,MBBS,31,Evening
DR02601,Doctor_2601,Male,D001,Cardiology,MD,8,Evening
DR02602,Doctor_2602,Male,D002,Neurology,DM,9,Morning
DR02603,Doctor_2603,Female,D003,Orthopedics,MD,5,Night
DR02604,Doctor_2604,Female,D004,Pediatrics,MBBS,10,Evening
DR02605,Doctor_2605,Male,D005,Oncology,MS,13,Evening
DR02606,Doctor_2606,Female,D006,ENT,MCh,34,Morning
DR02607,Doctor_2607,Male,D007,Dermatology,MS,1,Morning
DR02608,Doctor_2608,Female,D008,General Surgery,MBBS,9,Night
DR02609,Doctor_2609,Male,D009,Urology,DM,2,Morning
DR02610,Doctor_2610,Female,D010,Nephrology,MD,32,Evening
DR02611,Doctor_2611,Female,D011,Gynecology,MBBS,18,Evening
DR02612,Doctor_2612,Male,D012,Psychiatry,MCh,4,Night
DR02613,Doctor_2613,Male,D013,Pulmonology,MBBS,23,Morning
DR02614,Doctor_2614,Male,D014,Gastroenterology,MBBS,19,Evening
DR02615,Doctor_2615,Female,D015,Emergency,MBBS,1,Night
DR02616,Doctor_2616,Male,D016,Radiology,MS,29,Evening
DR02617,Doctor_2617,Female,D017,ICU,MS,28,Evening
DR02618,Doctor_2618,Female,D018,Ophthalmology,DM,15,Evening
DR02619,Doctor_2619,Female,D019,Endocrinology,MBBS,25,Evening
DR02620,Doctor_2620,Male,D020,Dental,MD,1,Morning
DR02621,Doctor_2621,Female,D001,Cardiology,MD,22,Evening
DR02622,Doctor_2622,Male,D002,Neurology,MS,9,Evening
DR02623,Doctor_2623,Male,D003,Orthopedics,DM,18,Night
DR02624,Doctor_2624,Female,D004,Pediatrics,MCh,10,Night
DR02625,Doctor_2625,Female,D005,Oncology,MBBS,4,Night
DR02626,Doctor_2626,Male,D006,ENT,DM,29,Morning
DR02627,Doctor_2627,Male,D007,Dermatology,MD,2,Morning
DR02628,Doctor_2628,Female,D008,General Surgery,MCh,11,Morning
DR02629,Doctor_2629,Female,D009,Urology,MBBS,32,Morning
DR02630,Doctor_2630,Female,D010,Nephrology,MCh,5,Evening
DR02631,Doctor_2631,Female,D011,Gynecology,MCh,15,Night
DR02632,Doctor_2632,Male,D012,Psychiatry,DM,8,Morning
DR02633,Doctor_2633,Male,D013,Pulmonology,MS,18,Evening
DR02634,Doctor_2634,Female,D014,Gastroenterology,MBBS,34,Morning
DR02635,Doctor_2635,Male,D015,Emergency,MS,35,Night
DR02636,Doctor_2636,Male,D016,Radiology,MS,21,Evening
DR02637,Doctor_2637,Female,D017,ICU,MBBS,24,Morning
DR02638,Doctor_2638,Female,D018,Ophthalmology,DM,18,Evening
DR02639,Doctor_2639,Female,D019,Endocrinology,DM,31,Morning
DR02640,Doctor_2640,Female,D020,Dental,MD,33,Morning
DR02641,Doctor_2641,Male,D001,Cardiology,DM,2,Evening
DR02642,Doctor_2642,Female,D002,Neurology,MCh,6,Evening
DR02643,Doctor_2643,Male,D003,Orthopedics,MCh,30,Evening
DR02644,Doctor_2644,Male,D004,Pediatrics,MBBS,16,Night
DR02645,Doctor_2645,Female,D005,Oncology,MD,12,Morning
DR02646,Doctor_2646,Female,D006,ENT,MD,18,Night
DR02647,Doctor_2647,Female,D007,Dermatology,MS,34,Morning
DR02648,Doctor_2648,Female,D008,General Surgery,MCh,6,Evening
DR02649,Doctor_2649,Female,D009,Urology,MCh,20,Evening
DR02650,Doctor_2650,Female,D010,Nephrology,MBBS,15,Evening
DR02651,Doctor_2651,Male,D011,Gynecology,DM,11,Evening
DR02652,Doctor_2652,Female,D012,Psychiatry,DM,24,Morning
DR02653,Doctor_2653,Male,D013,Pulmonology,DM,14,Night
DR02654,Doctor_2654,Female,D014,Gastroenterology,MBBS,19,Evening
DR02655,Doctor_2655,Female,D015,Emergency,MCh,19,Evening
DR02656,Doctor_2656,Female,D016,Radiology,MBBS,3,Evening
DR02657,Doctor_2657,Male,D017,ICU,DM,9,Evening
DR02658,Doctor_2658,Male,D018,Ophthalmology,DM,11,Night
DR02659,Doctor_2659,Female,D019,Endocrinology,MS,34,Morning
DR02660,Doctor_2660,Male,D020,Dental,MBBS,8,Evening
DR02661,Doctor_2661,Female,D001,Cardiology,DM,9,Morning
DR02662,Doctor_2662,Female,D002,Neurology,MD,24,Evening
DR02663,Doctor_2663,Male,D003,Orthopedics,DM,9,Evening
DR02664,Doctor_2664,Male,D004,Pediatrics,MBBS,19,Morning
DR02665,Doctor_2665,Male,D005,Oncology,MD,3,Morning
DR02666,Doctor_2666,Female,D006,ENT,MBBS,7,Night
DR02667,Doctor_2667,Female,D007,Dermatology,MS,21,Morning
DR02668,Doctor_2668,Female,D008,General Surgery,MBBS,19,Evening
DR02669,Doctor_2669,Female,D009,Urology,MD,26,Evening
DR02670,Doctor_2670,Male,D010,Nephrology,MD,28,Night
DR02671,Doctor_2671,Female,D011,Gynecology,DM,20,Night
DR02672,Doctor_2672,Male,D012,Psychiatry,DM,15,Morning
DR02673,Doctor_2673,Female,D013,Pulmonology,MS,28,Night
DR02674,Doctor_2674,Female,D014,Gastroenterology,MS,10,Night
DR02675,Doctor_2675,Female,D015,Emergency,MD,1,Evening
DR02676,Doctor_2676,Female,D016,Radiology,MS,1,Morning
DR02677,Doctor_2677,Male,D017,ICU,MS,30,Evening
DR02678,Doctor_2678,Male,D018,Ophthalmology,MS,1,Night
DR02679,Doctor_2679,Female,D019,Endocrinology,DM,6,Morning
DR02680,Doctor_2680,Female,D020,Dental,MCh,11,Evening
DR02681,Doctor_2681,Female,D001,Cardiology,MS,31,Night
DR02682,Doctor_2682,Female,D002,Neurology,DM,22,Night
DR02683,Doctor_2683,Male,D003,Orthopedics,DM,25,Morning
DR02684,Doctor_2684,Male,D004,Pediatrics,DM,23,Evening
DR02685,Doctor_2685,Male,D005,Oncology,MCh,19,Night
DR02686,Doctor_2686,Male,D006,ENT,MCh,14,Evening
DR02687,Doctor_2687,Female,D007,Dermatology,MBBS,29,Evening
DR02688,Doctor_2688,Male,D008,General Surgery,MD,35,Morning
DR02689,Doctor_2689,Male,D009,Urology,MCh,32,Evening
DR02690,Doctor_2690,Female,D010,Nephrology,DM,30,Evening
DR02691,Doctor_2691,Female,D011,Gynecology,MD,12,Morning
DR02692,Doctor_2692,Male,D012,Psychiatry,DM,21,Evening
DR02693,Doctor_2693,Male,D013,Pulmonology,MS,32,Night
DR02694,Doctor_2694,Male,D014,Gastroenterology,MS,15,Morning
DR02695,Doctor_2695,Female,D015,Emergency,MBBS,34,Morning
DR02696,Doctor_2696,Male,D016,Radiology,DM,32,Evening
DR02697,Doctor_2697,Female,D017,ICU,DM,16,Evening
DR02698,Doctor_2698,Female,D018,Ophthalmology,MS,24,Evening
DR02699,Doctor_2699,Male,D019,Endocrinology,DM,14,Night
DR02700,Doctor_2700,Male,D020,Dental,MD,6,Night
DR02701,Doctor_2701,Female,D001,Cardiology,MD,25,Evening
DR02702,Doctor_2702,Male,D002,Neurology,MS,8,Night
DR02703,Doctor_2703,Female,D003,Orthopedics,MD,1,Evening
DR02704,Doctor_2704,Female,D004,Pediatrics,MD,4,Night
DR02705,Doctor_2705,Male,D005,Oncology,MS,17,Night
DR02706,Doctor_2706,Female,D006,ENT,MD,25,Morning
DR02707,Doctor_2707,Male,D007,Dermatology,MCh,5,Night
DR02708,Doctor_2708,Female,D008,General Surgery,MCh,28,Morning
DR02709,Doctor_2709,Female,D009,Urology,MCh,27,Evening
DR02710,Doctor_2710,Male,D010,Nephrology,DM,12,Morning
DR02711,Doctor_2711,Male,D011,Gynecology,DM,9,Evening
DR02712,Doctor_2712,Male,D012,Psychiatry,MS,13,Evening
DR02713,Doctor_2713,Male,D013,Pulmonology,MBBS,7,Evening
DR02714,Doctor_2714,Female,D014,Gastroenterology,MS,34,Night
DR02715,Doctor_2715,Male,D015,Emergency,DM,19,Morning
DR02716,Doctor_2716,Female,D016,Radiology,MBBS,21,Evening
DR02717,Doctor_2717,Male,D017,ICU,MS,3,Evening
DR02718,Doctor_2718,Female,D018,Ophthalmology,MBBS,9,Morning
DR02719,Doctor_2719,Female,D019,Endocrinology,MS,5,Evening
DR02720,Doctor_2720,Male,D020,Dental,MBBS,11,Evening
DR02721,Doctor_2721,Female,D001,Cardiology,MBBS,6,Evening
DR02722,Doctor_2722,Male,D002,Neurology,DM,21,Night
DR02723,Doctor_2723,Female,D003,Orthopedics,DM,20,Evening
DR02724,Doctor_2724,Female,D004,Pediatrics,MS,22,Evening
DR02725,Doctor_2725,Female,D005,Oncology,MD,6,Evening
DR02726,Doctor_2726,Male,D006,ENT,DM,15,Evening
DR02727,Doctor_2727,Male,D007,Dermatology,MCh,16,Morning
DR02728,Doctor_2728,Female,D008,General Surgery,MD,16,Night
DR02729,Doctor_2729,Male,D009,Urology,DM,15,Night
DR02730,Doctor_2730,Female,D010,Nephrology,MS,18,Evening
DR02731,Doctor_2731,Female,D011,Gynecology,MD,30,Night
DR02732,Doctor_2732,Female,D012,Psychiatry,MBBS,26,Night
DR02733,Doctor_2733,Male,D013,Pulmonology,MS,34,Evening
DR02734,Doctor_2734,Male,D014,Gastroenterology,MD,33,Evening
DR02735,Doctor_2735,Female,D015,Emergency,MS,32,Evening
DR02736,Doctor_2736,Female,D016,Radiology,MCh,4,Night
DR02737,Doctor_2737,Male,D017,ICU,DM,24,Morning
DR02738,Doctor_2738,Male,D018,Ophthalmology,MBBS,7,Night
DR02739,Doctor_2739,Female,D019,Endocrinology,DM,27,Morning
DR02740,Doctor_2740,Female,D020,Dental,MD,35,Night
DR02741,Doctor_2741,Male,D001,Cardiology,DM,7,Night
DR02742,Doctor_2742,Female,D002,Neurology,DM,33,Morning
DR02743,Doctor_2743,Male,D003,Orthopedics,MD,13,Evening
DR02744,Doctor_2744,Male,D004,Pediatrics,MBBS,8,Night
DR02745,Doctor_2745,Male,D005,Oncology,MD,4,Morning
DR02746,Doctor_2746,Female,D006,ENT,MD,25,Morning
DR02747,Doctor_2747,Male,D007,Dermatology,MBBS,9,Morning
DR02748,Doctor_2748,Female,D008,General Surgery,DM,22,Evening
DR02749,Doctor_2749,Male,D009,Urology,MCh,17,Evening
DR02750,Doctor_2750,Male,D010,Nephrology,MBBS,1,Morning
DR02751,Doctor_2751,Female,D011,Gynecology,MD,30,Morning
DR02752,Doctor_2752,Male,D012,Psychiatry,MCh,21,Night
DR02753,Doctor_2753,Male,D013,Pulmonology,MBBS,9,Night
DR02754,Doctor_2754,Female,D014,Gastroenterology,MD,8,Evening
DR02755,Doctor_2755,Female,D015,Emergency,MBBS,33,Evening
DR02756,Doctor_2756,Male,D016,Radiology,DM,4,Evening
DR02757,Doctor_2757,Male,D017,ICU,MBBS,17,Morning
DR02758,Doctor_2758,Male,D018,Ophthalmology,MD,20,Morning
DR02759,Doctor_2759,Female,D019,Endocrinology,MD,6,Evening
DR02760,Doctor_2760,Male,D020,Dental,MS,19,Evening
DR02761,Doctor_2761,Male,D001,Cardiology,DM,33,Evening
DR02762,Doctor_2762,Male,D002,Neurology,MS,5,Night
DR02763,Doctor_2763,Male,D003,Orthopedics,MCh,4,Evening
DR02764,Doctor_2764,Female,D004,Pediatrics,DM,8,Evening
DR02765,Doctor_2765,Female,D005,Oncology,MBBS,25,Night
DR02766,Doctor_2766,Male,D006,ENT,DM,2,Night
DR02767,Doctor_2767,Female,D007,Dermatology,MD,13,Morning
DR02768,Doctor_2768,Female,D008,General Surgery,MBBS,20,Night
DR02769,Doctor_2769,Male,D009,Urology,MS,25,Evening
DR02770,Doctor_2770,Male,D010,Nephrology,DM,2,Morning
DR02771,Doctor_2771,Female,D011,Gynecology,MCh,23,Night
DR02772,Doctor_2772,Female,D012,Psychiatry,MBBS,2,Night
DR02773,Doctor_2773,Female,D013,Pulmonology,MBBS,10,Night
DR02774,Doctor_2774,Female,D014,Gastroenterology,MD,34,Night
DR02775,Doctor_2775,Male,D015,Emergency,MS,11,Night
DR02776,Doctor_2776,Male,D016,Radiology,MS,18,Evening
DR02777,Doctor_2777,Female,D017,ICU,MCh,33,Evening
DR02778,Doctor_2778,Male,D018,Ophthalmology,MS,31,Night
DR02779,Doctor_2779,Female,D019,Endocrinology,MD,35,Night
DR02780,Doctor_2780,Male,D020,Dental,MD,3,Night
DR02781,Doctor_2781,Female,D001,Cardiology,MBBS,10,Night
DR02782,Doctor_2782,Female,D002,Neurology,MD,25,Morning
DR02783,Doctor_2783,Female,D003,Orthopedics,MBBS,29,Night
DR02784,Doctor_2784,Male,D004,Pediatrics,MCh,6,Night
DR02785,Doctor_2785,Male,D005,Oncology,MBBS,24,Morning
DR02786,Doctor_2786,Female,D006,ENT,MBBS,11,Morning
DR02787,Doctor_2787,Female,D007,Dermatology,DM,35,Evening
DR02788,Doctor_2788,Male,D008,General Surgery,MCh,24,Evening
DR02789,Doctor_2789,Male,D009,Urology,MS,5,Morning
DR02790,Doctor_2790,Female,D010,Nephrology,MD,31,Night
DR02791,Doctor_2791,Male,D011,Gynecology,MS,3,Morning
DR02792,Doctor_2792,Female,D012,Psychiatry,MBBS,10,Night
DR02793,Doctor_2793,Male,D013,Pulmonology,MD,34,Night
DR02794,Doctor_2794,Female,D014,Gastroenterology,MCh,12,Night
DR02795,Doctor_2795,Female,D015,Emergency,DM,16,Evening
DR02796,Doctor_2796,Female,D016,Radiology,MBBS,31,Night
DR02797,Doctor_2797,Female,D017,ICU,MBBS,7,Night
DR02798,Doctor_2798,Female,D018,Ophthalmology,MS,26,Evening
DR02799,Doctor_2799,Female,D019,Endocrinology,MBBS,28,Morning
DR02800,Doctor_2800,Female,D020,Dental,MS,13,Evening
DR02801,Doctor_2801,Male,D001,Cardiology,MBBS,17,Evening
DR02802,Doctor_2802,Female,D002,Neurology,MCh,34,Night
DR02803,Doctor_2803,Male,D003,Orthopedics,MS,3,Night
DR02804,Doctor_2804,Male,D004,Pediatrics,DM,9,Evening
DR02805,Doctor_2805,Male,D005,Oncology,MCh,4,Evening
DR02806,Doctor_2806,Female,D006,ENT,MD,33,Night
DR02807,Doctor_2807,Female,D007,Dermatology,MBBS,1,Evening
DR02808,Doctor_2808,Male,D008,General Surgery,MS,27,Night
DR02809,Doctor_2809,Female,D009,Urology,MS,7,Morning
DR02810,Doctor_2810,Female,D010,Nephrology,MS,12,Morning
DR02811,Doctor_2811,Female,D011,Gynecology,MCh,2,Evening
DR02812,Doctor_2812,Female,D012,Psychiatry,MBBS,34,Morning
DR02813,Doctor_2813,Female,D013,Pulmonology,MS,27,Night
DR02814,Doctor_2814,Female,D014,Gastroenterology,DM,10,Night
DR02815,Doctor_2815,Male,D015,Emergency,MCh,4,Morning
DR02816,Doctor_2816,Male,D016,Radiology,MS,21,Night
DR02817,Doctor_2817,Male,D017,ICU,MS,17,Evening
DR02818,Doctor_2818,Female,D018,Ophthalmology,MCh,17,Evening
DR02819,Doctor_2819,Male,D019,Endocrinology,MD,14,Evening
DR02820,Doctor_2820,Male,D020,Dental,MD,12,Evening
DR02821,Doctor_2821,Male,D001,Cardiology,MBBS,32,Evening
DR02822,Doctor_2822,Male,D002,Neurology,DM,22,Morning
DR02823,Doctor_2823,Male,D003,Orthopedics,MCh,23,Morning
DR02824,Doctor_2824,Male,D004,Pediatrics,MCh,10,Evening
DR02825,Doctor_2825,Female,D005,Oncology,DM,6,Night
DR02826,Doctor_2826,Male,D006,ENT,DM,23,Evening
DR02827,Doctor_2827,Female,D007,Dermatology,MS,22,Night
DR02828,Doctor_2828,Female,D008,General Surgery,MBBS,17,Night
DR02829,Doctor_2829,Male,D009,Urology,MCh,1,Evening
DR02830,Doctor_2830,Female,D010,Nephrology,MCh,26,Night
DR02831,Doctor_2831,Female,D011,Gynecology,DM,7,Night
DR02832,Doctor_2832,Male,D012,Psychiatry,MBBS,22,Evening
DR02833,Doctor_2833,Male,D013,Pulmonology,MD,5,Evening
DR02834,Doctor_2834,Male,D014,Gastroenterology,MD,1,Morning
DR02835,Doctor_2835,Female,D015,Emergency,MD,4,Morning
DR02836,Doctor_2836,Male,D016,Radiology,MCh,19,Morning
DR02837,Doctor_2837,Female,D017,ICU,DM,26,Morning
DR02838,Doctor_2838,Female,D018,Ophthalmology,MCh,12,Evening
DR02839,Doctor_2839,Female,D019,Endocrinology,DM,33,Night
DR02840,Doctor_2840,Male,D020,Dental,DM,17,Night
DR02841,Doctor_2841,Male,D001,Cardiology,MBBS,12,Evening
DR02842,Doctor_2842,Male,D002,Neurology,MD,25,Evening
DR02843,Doctor_2843,Male,D003,Orthopedics,MS,8,Morning
DR02844,Doctor_2844,Male,D004,Pediatrics,MBBS,18,Morning
DR02845,Doctor_2845,Male,D005,Oncology,MCh,35,Morning
DR02846,Doctor_2846,Female,D006,ENT,MD,21,Morning
DR02847,Doctor_2847,Female,D007,Dermatology,MD,5,Night
DR02848,Doctor_2848,Female,D008,General Surgery,DM,30,Evening
DR02849,Doctor_2849,Male,D009,Urology,MS,11,Evening
DR02850,Doctor_2850,Female,D010,Nephrology,DM,33,Evening
DR02851,Doctor_2851,Male,D011,Gynecology,MS,31,Night
DR02852,Doctor_2852,Male,D012,Psychiatry,MS,32,Morning
DR02853,Doctor_2853,Female,D013,Pulmonology,MS,34,Night
DR02854,Doctor_2854,Female,D014,Gastroenterology,DM,28,Evening
DR02855,Doctor_2855,Male,D015,Emergency,MS,12,Evening
DR02856,Doctor_2856,Female,D016,Radiology,DM,29,Evening
DR02857,Doctor_2857,Male,D017,ICU,MD,2,Night
DR02858,Doctor_2858,Female,D018,Ophthalmology,DM,20,Night
DR02859,Doctor_2859,Male,D019,Endocrinology,MS,26,Night
DR02860,Doctor_2860,Female,D020,Dental,MBBS,3,Morning
DR02861,Doctor_2861,Male,D001,Cardiology,MBBS,18,Night
DR02862,Doctor_2862,Female,D002,Neurology,DM,19,Evening
DR02863,Doctor_2863,Male,D003,Orthopedics,DM,6,Morning
DR02864,Doctor_2864,Female,D004,Pediatrics,MBBS,15,Morning
DR02865,Doctor_2865,Female,D005,Oncology,MBBS,24,Night
DR02866,Doctor_2866,Female,D006,ENT,MS,7,Morning
DR02867,Doctor_2867,Male,D007,Dermatology,MCh,17,Night
DR02868,Doctor_2868,Female,D008,General Surgery,MBBS,29,Evening
DR02869,Doctor_2869,Male,D009,Urology,DM,18,Morning
DR02870,Doctor_2870,Male,D010,Nephrology,MS,15,Evening
DR02871,Doctor_2871,Female,D011,Gynecology,DM,7,Morning
DR02872,Doctor_2872,Male,D012,Psychiatry,MBBS,14,Evening
DR02873,Doctor_2873,Female,D013,Pulmonology,MS,3,Night
DR02874,Doctor_2874,Female,D014,Gastroenterology,MS,27,Evening
DR02875,Doctor_2875,Female,D015,Emergency,MS,16,Night
DR02876,Doctor_2876,Female,D016,Radiology,MS,11,Evening
DR02877,Doctor_2877,Female,D017,ICU,MCh,24,Night
DR02878,Doctor_2878,Male,D018,Ophthalmology,DM,35,Evening
DR02879,Doctor_2879,Female,D019,Endocrinology,MS,33,Morning
DR02880,Doctor_2880,Female,D020,Dental,MS,13,Night
DR02881,Doctor_2881,Male,D001,Cardiology,MD,15,Night
DR02882,Doctor_2882,Female,D002,Neurology,MCh,9,Morning
DR02883,Doctor_2883,Male,D003,Orthopedics,MBBS,20,Evening
DR02884,Doctor_2884,Male,D004,Pediatrics,MCh,21,Evening
DR02885,Doctor_2885,Male,D005,Oncology,MBBS,25,Evening
DR02886,Doctor_2886,Male,D006,ENT,DM,28,Night
DR02887,Doctor_2887,Female,D007,Dermatology,MBBS,24,Morning
DR02888,Doctor_2888,Female,D008,General Surgery,MCh,30,Evening
DR02889,Doctor_2889,Male,D009,Urology,MBBS,31,Evening
DR02890,Doctor_2890,Female,D010,Nephrology,DM,23,Evening
DR02891,Doctor_2891,Female,D011,Gynecology,DM,1,Morning
DR02892,Doctor_2892,Male,D012,Psychiatry,MBBS,29,Evening
DR02893,Doctor_2893,Female,D013,Pulmonology,DM,19,Morning
DR02894,Doctor_2894,Male,D014,Gastroenterology,MBBS,31,Morning
DR02895,Doctor_2895,Female,D015,Emergency,MS,31,Morning
DR02896,Doctor_2896,Male,D016,Radiology,MS,16,Evening
DR02897,Doctor_2897,Male,D017,ICU,MS,7,Evening
DR02898,Doctor_2898,Female,D018,Ophthalmology,MD,14,Morning
DR02899,Doctor_2899,Female,D019,Endocrinology,MS,31,Morning
DR02900,Doctor_2900,Male,D020,Dental,MCh,4,Evening
DR02901,Doctor_2901,Female,D001,Cardiology,MBBS,6,Night
DR02902,Doctor_2902,Male,D002,Neurology,MS,21,Evening
DR02903,Doctor_2903,Female,D003,Orthopedics,MCh,12,Night
DR02904,Doctor_2904,Male,D004,Pediatrics,DM,2,Morning
DR02905,Doctor_2905,Male,D005,Oncology,DM,27,Evening
DR02906,Doctor_2906,Male,D006,ENT,MCh,30,Night
DR02907,Doctor_2907,Female,D007,Dermatology,MS,10,Morning
DR02908,Doctor_2908,Male,D008,General Surgery,MD,3,Night
DR02909,Doctor_2909,Female,D009,Urology,MBBS,33,Morning
DR02910,Doctor_2910,Female,D010,Nephrology,MD,35,Evening
DR02911,Doctor_2911,Male,D011,Gynecology,MBBS,15,Evening
DR02912,Doctor_2912,Female,D012,Psychiatry,MBBS,30,Morning
DR02913,Doctor_2913,Male,D013,Pulmonology,MS,22,Night
DR02914,Doctor_2914,Male,D014,Gastroenterology,MD,17,Morning
DR02915,Doctor_2915,Female,D015,Emergency,MD,13,Evening
DR02916,Doctor_2916,Male,D016,Radiology,MD,5,Morning
DR02917,Doctor_2917,Male,D017,ICU,MBBS,8,Night
DR02918,Doctor_2918,Male,D018,Ophthalmology,MD,18,Night
DR02919,Doctor_2919,Female,D019,Endocrinology,MBBS,25,Night
DR02920,Doctor_2920,Male,D020,Dental,MS,4,Evening
DR02921,Doctor_2921,Male,D001,Cardiology,DM,23,Evening
DR02922,Doctor_2922,Male,D002,Neurology,MD,20,Night
DR02923,Doctor_2923,Female,D003,Orthopedics,MCh,10,Night
DR02924,Doctor_2924,Female,D004,Pediatrics,MD,32,Evening
DR02925,Doctor_2925,Female,D005,Oncology,MS,28,Morning
DR02926,Doctor_2926,Male,D006,ENT,MS,27,Night
DR02927,Doctor_2927,Male,D007,Dermatology,MS,18,Night
DR02928,Doctor_2928,Female,D008,General Surgery,MS,31,Morning
DR02929,Doctor_2929,Female,D009,Urology,MS,19,Morning
DR02930,Doctor_2930,Female,D010,Nephrology,MBBS,29,Night
DR02931,Doctor_2931,Male,D011,Gynecology,MS,35,Evening
DR02932,Doctor_2932,Male,D012,Psychiatry,MBBS,26,Evening
DR02933,Doctor_2933,Female,D013,Pulmonology,MS,12,Night
DR02934,Doctor_2934,Female,D014,Gastroenterology,MBBS,28,Evening
DR02935,Doctor_2935,Male,D015,Emergency,MD,33,Evening
DR02936,Doctor_2936,Female,D016,Radiology,MD,20,Evening
DR02937,Doctor_2937,Male,D017,ICU,MS,34,Night
DR02938,Doctor_2938,Male,D018,Ophthalmology,MS,9,Night
DR02939,Doctor_2939,Female,D019,Endocrinology,DM,22,Night
DR02940,Doctor_2940,Female,D020,Dental,MCh,25,Morning
DR02941,Doctor_2941,Male,D001,Cardiology,MS,24,Evening
DR02942,Doctor_2942,Female,D002,Neurology,MBBS,30,Evening
DR02943,Doctor_2943,Female,D003,Orthopedics,MD,2,Morning
DR02944,Doctor_2944,Male,D004,Pediatrics,MCh,35,Morning
DR02945,Doctor_2945,Female,D005,Oncology,MCh,28,Evening
DR02946,Doctor_2946,Male,D006,ENT,DM,27,Evening
DR02947,Doctor_2947,Female,D007,Dermatology,MS,14,Evening
DR02948,Doctor_2948,Male,D008,General Surgery,MS,33,Evening
DR02949,Doctor_2949,Female,D009,Urology,MCh,15,Evening
DR02950,Doctor_2950,Female,D010,Nephrology,MCh,34,Morning
DR02951,Doctor_2951,Male,D011,Gynecology,MD,17,Night
DR02952,Doctor_2952,Female,D012,Psychiatry,MS,34,Morning
DR02953,Doctor_2953,Male,D013,Pulmonology,MD,34,Night
DR02954,Doctor_2954,Male,D014,Gastroenterology,MS,20,Night
DR02955,Doctor_2955,Male,D015,Emergency,MCh,12,Evening
DR02956,Doctor_2956,Male,D016,Radiology,MD,15,Night
DR02957,Doctor_2957,Female,D017,ICU,DM,6,Evening
DR02958,Doctor_2958,Female,D018,Ophthalmology,MCh,12,Morning
DR02959,Doctor_2959,Female,D019,Endocrinology,MCh,15,Night
DR02960,Doctor_2960,Female,D020,Dental,MD,16,Morning
DR02961,Doctor_2961,Male,D001,Cardiology,MCh,11,Night
DR02962,Doctor_2962,Female,D002,Neurology,MD,15,Night
DR02963,Doctor_2963,Male,D003,Orthopedics,MCh,25,Morning
DR02964,Doctor_2964,Male,D004,Pediatrics,MS,28,Morning
DR02965,Doctor_2965,Male,D005,Oncology,MCh,23,Evening
DR02966,Doctor_2966,Male,D006,ENT,MCh,16,Morning
DR02967,Doctor_2967,Female,D007,Dermatology,DM,10,Evening
DR02968,Doctor_2968,Male,D008,General Surgery,MBBS,2,Evening
DR02969,Doctor_2969,Male,D009,Urology,DM,26,Evening
DR02970,Doctor_2970,Female,D010,Nephrology,DM,31,Morning
DR02971,Doctor_2971,Male,D011,Gynecology,MBBS,7,Evening
DR02972,Doctor_2972,Female,D012,Psychiatry,MS,28,Evening
DR02973,Doctor_2973,Female,D013,Pulmonology,MCh,15,Morning
DR02974,Doctor_2974,Male,D014,Gastroenterology,DM,18,Evening
DR02975,Doctor_2975,Male,D015,Emergency,MD,4,Morning
DR02976,Doctor_2976,Male,D016,Radiology,DM,35,Night
DR02977,Doctor_2977,Female,D017,ICU,MD,2,Morning
DR02978,Doctor_2978,Female,D018,Ophthalmology,DM,4,Morning
DR02979,Doctor_2979,Male,D019,Endocrinology,MD,11,Night
DR02980,Doctor_2980,Female,D020,Dental,DM,4,Morning
DR02981,Doctor_2981,Male,D001,Cardiology,MS,30,Evening
DR02982,Doctor_2982,Male,D002,Neurology,MCh,3,Evening
DR02983,Doctor_2983,Female,D003,Orthopedics,DM,11,Morning
DR02984,Doctor_2984,Female,D004,Pediatrics,DM,10,Morning
DR02985,Doctor_2985,Male,D005,Oncology,MS,15,Morning
DR02986,Doctor_2986,Male,D006,ENT,MCh,30,Morning
DR02987,Doctor_2987,Male,D007,Dermatology,MD,28,Evening
DR02988,Doctor_2988,Female,D008,General Surgery,MS,7,Morning
DR02989,Doctor_2989,Female,D009,Urology,MD,19,Evening
DR02990,Doctor_2990,Male,D010,Nephrology,MD,28,Morning
DR02991,Doctor_2991,Female,D011,Gynecology,MS,16,Night
DR02992,Doctor_2992,Male,D012,Psychiatry,MCh,35,Night
DR02993,Doctor_2993,Male,D013,Pulmonology,MD,27,Evening
DR02994,Doctor_2994,Female,D014,Gastroenterology,MD,4,Evening
DR02995,Doctor_2995,Female,D015,Emergency,DM,9,Evening
DR02996,Doctor_2996,Female,D016,Radiology,MBBS,6,Night
DR02997,Doctor_2997,Female,D017,ICU,MS,30,Morning
DR02998,Doctor_2998,Female,D018,Ophthalmology,MBBS,23,Night
DR02999,Doctor_2999,Male,D019,Endocrinology,DM,3,Evening
DR03000,Doctor_3000,Male,D020,Dental,MCh,3,Morning
DR03001,Doctor_3001,Female,D001,Cardiology,DM,10,Night
DR03002,Doctor_3002,Female,D002,Neurology,MCh,19,Evening
DR03003,Doctor_3003,Female,D003,Orthopedics,MBBS,8,Night
DR03004,Doctor_3004,Female,D004,Pediatrics,MS,20,Evening
DR03005,Doctor_3005,Male,D005,Oncology,MCh,31,Morning
DR03006,Doctor_3006,Female,D006,ENT,MCh,34,Evening
DR03007,Doctor_3007,Female,D007,Dermatology,MBBS,28,Night
DR03008,Doctor_3008,Female,D008,General Surgery,MD,33,Morning
DR03009,Doctor_3009,Female,D009,Urology,MCh,13,Night
DR03010,Doctor_3010,Male,D010,Nephrology,MCh,21,Morning
DR03011,Doctor_3011,Female,D011,Gynecology,MCh,35,Morning
DR03012,Doctor_3012,Female,D012,Psychiatry,MBBS,27,Morning
DR03013,Doctor_3013,Male,D013,Pulmonology,MCh,25,Night
DR03014,Doctor_3014,Male,D014,Gastroenterology,MD,3,Evening
DR03015,Doctor_3015,Female,D015,Emergency,DM,26,Evening
DR03016,Doctor_3016,Female,D016,Radiology,MCh,24,Evening
DR03017,Doctor_3017,Female,D017,ICU,MS,31,Evening
DR03018,Doctor_3018,Male,D018,Ophthalmology,MD,29,Night
DR03019,Doctor_3019,Male,D019,Endocrinology,MS,8,Morning
DR03020,Doctor_3020,Female,D020,Dental,MCh,4,Night
DR03021,Doctor_3021,Male,D001,Cardiology,MBBS,3,Evening
DR03022,Doctor_3022,Female,D002,Neurology,MCh,6,Night
DR03023,Doctor_3023,Male,D003,Orthopedics,DM,31,Morning
DR03024,Doctor_3024,Female,D004,Pediatrics,DM,6,Morning
DR03025,Doctor_3025,Male,D005,Oncology,MCh,29,Night
DR03026,Doctor_3026,Female,D006,ENT,MS,16,Night
DR03027,Doctor_3027,Male,D007,Dermatology,MS,9,Night
DR03028,Doctor_3028,Male,D008,General Surgery,DM,30,Night
DR03029,Doctor_3029,Female,D009,Urology,DM,22,Evening
DR03030,Doctor_3030,Female,D010,Nephrology,MD,24,Evening
DR03031,Doctor_3031,Female,D011,Gynecology,MS,12,Morning
DR03032,Doctor_3032,Female,D012,Psychiatry,MS,21,Morning
DR03033,Doctor_3033,Male,D013,Pulmonology,MCh,29,Evening
DR03034,Doctor_3034,Male,D014,Gastroenterology,MS,29,Night
DR03035,Doctor_3035,Female,D015,Emergency,MS,20,Evening
DR03036,Doctor_3036,Male,D016,Radiology,MS,12,Morning
DR03037,Doctor_3037,Female,D017,ICU,MD,26,Evening
DR03038,Doctor_3038,Male,D018,Ophthalmology,MS,35,Morning
DR03039,Doctor_3039,Male,D019,Endocrinology,MCh,2,Morning
DR03040,Doctor_3040,Female,D020,Dental,MBBS,13,Evening
DR03041,Doctor_3041,Female,D001,Cardiology,MCh,1,Night
DR03042,Doctor_3042,Female,D002,Neurology,MD,32,Evening
DR03043,Doctor_3043,Male,D003,Orthopedics,MBBS,31,Evening
DR03044,Doctor_3044,Male,D004,Pediatrics,MCh,15,Evening
DR03045,Doctor_3045,Male,D005,Oncology,MD,15,Evening
DR03046,Doctor_3046,Female,D006,ENT,MCh,13,Evening
DR03047,Doctor_3047,Female,D007,Dermatology,MBBS,25,Night
DR03048,Doctor_3048,Male,D008,General Surgery,MCh,14,Night
DR03049,Doctor_3049,Female,D009,Urology,MS,35,Night
DR03050,Doctor_3050,Female,D010,Nephrology,MD,27,Evening
DR03051,Doctor_3051,Female,D011,Gynecology,MS,28,Night
DR03052,Doctor_3052,Male,D012,Psychiatry,DM,5,Night
DR03053,Doctor_3053,Female,D013,Pulmonology,MS,24,Morning
DR03054,Doctor_3054,Male,D014,Gastroenterology,MBBS,3,Morning
DR03055,Doctor_3055,Female,D015,Emergency,MS,18,Evening
DR03056,Doctor_3056,Male,D016,Radiology,MS,35,Evening
DR03057,Doctor_3057,Female,D017,ICU,MCh,26,Morning
DR03058,Doctor_3058,Female,D018,Ophthalmology,MCh,33,Night
DR03059,Doctor_3059,Female,D019,Endocrinology,MBBS,12,Night
DR03060,Doctor_3060,Male,D020,Dental,MD,6,Morning
DR03061,Doctor_3061,Female,D001,Cardiology,MBBS,3,Night
DR03062,Doctor_3062,Female,D002,Neurology,MBBS,8,Morning
DR03063,Doctor_3063,Female,D003,Orthopedics,MS,2,Evening
DR03064,Doctor_3064,Female,D004,Pediatrics,MCh,8,Night
DR03065,Doctor_3065,Female,D005,Oncology,MD,25,Evening
DR03066,Doctor_3066,Male,D006,ENT,MS,3,Night
DR03067,Doctor_3067,Female,D007,Dermatology,MBBS,17,Night
DR03068,Doctor_3068,Female,D008,General Surgery,MBBS,27,Evening
DR03069,Doctor_3069,Female,D009,Urology,MS,16,Evening
DR03070,Doctor_3070,Female,D010,Nephrology,MBBS,15,Morning
DR03071,Doctor_3071,Female,D011,Gynecology,MBBS,34,Evening
DR03072,Doctor_3072,Male,D012,Psychiatry,MD,7,Morning
DR03073,Doctor_3073,Female,D013,Pulmonology,MS,27,Evening
DR03074,Doctor_3074,Male,D014,Gastroenterology,MD,4,Night
DR03075,Doctor_3075,Male,D015,Emergency,MCh,4,Night
DR03076,Doctor_3076,Male,D016,Radiology,MS,19,Morning
DR03077,Doctor_3077,Female,D017,ICU,MCh,22,Night
DR03078,Doctor_3078,Female,D018,Ophthalmology,DM,14,Evening
DR03079,Doctor_3079,Male,D019,Endocrinology,MS,30,Night
DR03080,Doctor_3080,Male,D020,Dental,MCh,31,Night
DR03081,Doctor_3081,Female,D001,Cardiology,DM,32,Night
DR03082,Doctor_3082,Male,D002,Neurology,MS,23,Evening
DR03083,Doctor_3083,Male,D003,Orthopedics,MCh,20,Evening
DR03084,Doctor_3084,Male,D004,Pediatrics,DM,28,Morning
DR03085,Doctor_3085,Female,D005,Oncology,MD,17,Evening
DR03086,Doctor_3086,Male,D006,ENT,MBBS,13,Morning
DR03087,Doctor_3087,Male,D007,Dermatology,MBBS,11,Evening
DR03088,Doctor_3088,Male,D008,General Surgery,MCh,27,Morning
DR03089,Doctor_3089,Male,D009,Urology,MCh,3,Morning
DR03090,Doctor_3090,Male,D010,Nephrology,MCh,23,Night
DR03091,Doctor_3091,Female,D011,Gynecology,MS,22,Morning
DR03092,Doctor_3092,Female,D012,Psychiatry,MS,6,Evening
DR03093,Doctor_3093,Female,D013,Pulmonology,MD,27,Morning
DR03094,Doctor_3094,Female,D014,Gastroenterology,MD,17,Evening
DR03095,Doctor_3095,Male,D015,Emergency,MBBS,6,Morning
DR03096,Doctor_3096,Female,D016,Radiology,MCh,15,Morning
DR03097,Doctor_3097,Female,D017,ICU,MS,26,Evening
DR03098,Doctor_3098,Female,D018,Ophthalmology,MBBS,3,Morning
DR03099,Doctor_3099,Female,D019,Endocrinology,MS,12,Morning
DR03100,Doctor_3100,Male,D020,Dental,MCh,35,Night
DR03101,Doctor_3101,Male,D001,Cardiology,MD,20,Morning
DR03102,Doctor_3102,Female,D002,Neurology,MCh,14,Evening
DR03103,Doctor_3103,Male,D003,Orthopedics,MD,22,Night
DR03104,Doctor_3104,Female,D004,Pediatrics,MS,31,Night
DR03105,Doctor_3105,Male,D005,Oncology,MBBS,8,Morning
DR03106,Doctor_3106,Male,D006,ENT,MS,25,Night
DR03107,Doctor_3107,Male,D007,Dermatology,MS,25,Evening
DR03108,Doctor_3108,Female,D008,General Surgery,MCh,32,Night
DR03109,Doctor_3109,Female,D009,Urology,MBBS,18,Evening
DR03110,Doctor_3110,Female,D010,Nephrology,MD,14,Evening
DR03111,Doctor_3111,Male,D011,Gynecology,MBBS,7,Night
DR03112,Doctor_3112,Female,D012,Psychiatry,MCh,21,Night
DR03113,Doctor_3113,Male,D013,Pulmonology,DM,32,Night
DR03114,Doctor_3114,Male,D014,Gastroenterology,MS,16,Evening
DR03115,Doctor_3115,Male,D015,Emergency,MS,20,Morning
DR03116,Doctor_3116,Male,D016,Radiology,MD,28,Night
DR03117,Doctor_3117,Male,D017,ICU,MD,34,Morning
DR03118,Doctor_3118,Male,D018,Ophthalmology,DM,8,Morning
DR03119,Doctor_3119,Male,D019,Endocrinology,DM,1,Night
DR03120,Doctor_3120,Male,D020,Dental,DM,35,Evening
DR03121,Doctor_3121,Female,D001,Cardiology,MCh,12,Night
DR03122,Doctor_3122,Female,D002,Neurology,MD,6,Morning
DR03123,Doctor_3123,Female,D003,Orthopedics,MS,28,Night
DR03124,Doctor_3124,Male,D004,Pediatrics,DM,21,Morning
DR03125,Doctor_3125,Male,D005,Oncology,MD,29,Night
DR03126,Doctor_3126,Male,D006,ENT,MCh,6,Night
DR03127,Doctor_3127,Female,D007,Dermatology,MS,16,Evening
DR03128,Doctor_3128,Female,D008,General Surgery,MS,23,Evening
DR03129,Doctor_3129,Female,D009,Urology,MD,35,Night
DR03130,Doctor_3130,Male,D010,Nephrology,MS,19,Evening
DR03131,Doctor_3131,Female,D011,Gynecology,DM,19,Morning
DR03132,Doctor_3132,Female,D012,Psychiatry,MCh,6,Evening
DR03133,Doctor_3133,Female,D013,Pulmonology,DM,15,Morning
DR03134,Doctor_3134,Female,D014,Gastroenterology,DM,18,Morning
DR03135,Doctor_3135,Female,D015,Emergency,DM,2,Evening
DR03136,Doctor_3136,Male,D016,Radiology,MBBS,34,Evening
DR03137,Doctor_3137,Male,D017,ICU,MS,7,Night
DR03138,Doctor_3138,Female,D018,Ophthalmology,DM,11,Morning
DR03139,Doctor_3139,Male,D019,Endocrinology,MCh,35,Night
DR03140,Doctor_3140,Female,D020,Dental,MS,14,Morning
DR03141,Doctor_3141,Male,D001,Cardiology,MS,8,Night
DR03142,Doctor_3142,Female,D002,Neurology,MD,7,Morning
DR03143,Doctor_3143,Female,D003,Orthopedics,MD,31,Morning
DR03144,Doctor_3144,Female,D004,Pediatrics,MCh,26,Night
DR03145,Doctor_3145,Female,D005,Oncology,MCh,14,Evening
DR03146,Doctor_3146,Male,D006,ENT,MS,12,Evening
DR03147,Doctor_3147,Male,D007,Dermatology,MBBS,25,Night
DR03148,Doctor_3148,Female,D008,General Surgery,MS,26,Evening
DR03149,Doctor_3149,Female,D009,Urology,DM,22,Evening
DR03150,Doctor_3150,Female,D010,Nephrology,MD,15,Night
DR03151,Doctor_3151,Male,D011,Gynecology,DM,31,Morning
DR03152,Doctor_3152,Male,D012,Psychiatry,DM,8,Morning
DR03153,Doctor_3153,Female,D013,Pulmonology,MS,6,Night
DR03154,Doctor_3154,Female,D014,Gastroenterology,MS,25,Night
DR03155,Doctor_3155,Male,D015,Emergency,DM,14,Night
DR03156,Doctor_3156,Female,D016,Radiology,MD,27,Evening
DR03157,Doctor_3157,Female,D017,ICU,DM,35,Night
DR03158,Doctor_3158,Female,D018,Ophthalmology,MS,30,Evening
DR03159,Doctor_3159,Female,D019,Endocrinology,DM,29,Morning
DR03160,Doctor_3160,Male,D020,Dental,DM,26,Evening
DR03161,Doctor_3161,Male,D001,Cardiology,MBBS,34,Night
DR03162,Doctor_3162,Female,D002,Neurology,DM,27,Morning
DR03163,Doctor_3163,Male,D003,Orthopedics,MBBS,35,Evening
DR03164,Doctor_3164,Female,D004,Pediatrics,DM,30,Evening
DR03165,Doctor_3165,Male,D005,Oncology,MD,5,Evening
DR03166,Doctor_3166,Male,D006,ENT,MS,26,Night
DR03167,Doctor_3167,Female,D007,Dermatology,DM,1,Morning
DR03168,Doctor_3168,Female,D008,General Surgery,MS,25,Evening
DR03169,Doctor_3169,Female,D009,Urology,MBBS,21,Morning
DR03170,Doctor_3170,Male,D010,Nephrology,MCh,12,Evening
DR03171,Doctor_3171,Female,D011,Gynecology,MBBS,33,Morning
DR03172,Doctor_3172,Male,D012,Psychiatry,MS,33,Morning
DR03173,Doctor_3173,Female,D013,Pulmonology,MCh,15,Morning
DR03174,Doctor_3174,Male,D014,Gastroenterology,DM,6,Evening
DR03175,Doctor_3175,Female,D015,Emergency,MD,24,Evening
DR03176,Doctor_3176,Female,D016,Radiology,MS,13,Evening
DR03177,Doctor_3177,Female,D017,ICU,DM,3,Night
DR03178,Doctor_3178,Male,D018,Ophthalmology,MCh,29,Evening
DR03179,Doctor_3179,Male,D019,Endocrinology,MBBS,1,Evening
DR03180,Doctor_3180,Male,D020,Dental,MCh,4,Morning
DR03181,Doctor_3181,Female,D001,Cardiology,MS,22,Night
DR03182,Doctor_3182,Male,D002,Neurology,MD,6,Morning
DR03183,Doctor_3183,Female,D003,Orthopedics,DM,5,Night
DR03184,Doctor_3184,Female,D004,Pediatrics,DM,15,Morning
DR03185,Doctor_3185,Male,D005,Oncology,MCh,34,Evening
DR03186,Doctor_3186,Male,D006,ENT,MS,15,Evening
DR03187,Doctor_3187,Male,D007,Dermatology,MS,19,Evening
DR03188,Doctor_3188,Female,D008,General Surgery,DM,20,Night
DR03189,Doctor_3189,Male,D009,Urology,MBBS,24,Night
DR03190,Doctor_3190,Female,D010,Nephrology,MD,3,Night
DR03191,Doctor_3191,Male,D011,Gynecology,MS,4,Morning
DR03192,Doctor_3192,Male,D012,Psychiatry,MD,6,Evening
DR03193,Doctor_3193,Female,D013,Pulmonology,MS,19,Night
DR03194,Doctor_3194,Female,D014,Gastroenterology,MS,14,Night
DR03195,Doctor_3195,Female,D015,Emergency,MBBS,1,Morning
DR03196,Doctor_3196,Female,D016,Radiology,MCh,17,Morning
DR03197,Doctor_3197,Female,D017,ICU,MBBS,17,Night
DR03198,Doctor_3198,Male,D018,Ophthalmology,MBBS,8,Evening
DR03199,Doctor_3199,Female,D019,Endocrinology,MS,33,Evening
DR03200,Doctor_3200,Female,D020,Dental,MBBS,34,Night
DR03201,Doctor_3201,Female,D001,Cardiology,MS,9,Night
DR03202,Doctor_3202,Female,D002,Neurology,MS,6,Evening
DR03203,Doctor_3203,Female,D003,Orthopedics,MD,29,Night
DR03204,Doctor_3204,Male,D004,Pediatrics,MBBS,6,Morning
DR03205,Doctor_3205,Male,D005,Oncology,DM,4,Morning
DR03206,Doctor_3206,Male,D006,ENT,MS,28,Night
DR03207,Doctor_3207,Female,D007,Dermatology,MCh,11,Morning
DR03208,Doctor_3208,Female,D008,General Surgery,MCh,9,Morning
DR03209,Doctor_3209,Female,D009,Urology,MD,33,Morning
DR03210,Doctor_3210,Male,D010,Nephrology,MBBS,7,Night
DR03211,Doctor_3211,Male,D011,Gynecology,MS,23,Morning
DR03212,Doctor_3212,Male,D012,Psychiatry,MCh,18,Evening
DR03213,Doctor_3213,Male,D013,Pulmonology,DM,7,Morning
DR03214,Doctor_3214,Female,D014,Gastroenterology,MCh,26,Night
DR03215,Doctor_3215,Male,D015,Emergency,MS,11,Night
DR03216,Doctor_3216,Female,D016,Radiology,MS,4,Night
DR03217,Doctor_3217,Male,D017,ICU,DM,15,Morning
DR03218,Doctor_3218,Female,D018,Ophthalmology,MS,5,Morning
DR03219,Doctor_3219,Male,D019,Endocrinology,MS,2,Morning
DR03220,Doctor_3220,Male,D020,Dental,MS,20,Evening
DR03221,Doctor_3221,Male,D001,Cardiology,DM,16,Morning
DR03222,Doctor_3222,Male,D002,Neurology,DM,16,Morning
DR03223,Doctor_3223,Female,D003,Orthopedics,MCh,16,Morning
DR03224,Doctor_3224,Female,D004,Pediatrics,MD,24,Evening
DR03225,Doctor_3225,Male,D005,Oncology,MS,34,Night
DR03226,Doctor_3226,Male,D006,ENT,MBBS,17,Evening
DR03227,Doctor_3227,Female,D007,Dermatology,MD,1,Morning
DR03228,Doctor_3228,Male,D008,General Surgery,MD,14,Night
DR03229,Doctor_3229,Male,D009,Urology,MCh,32,Night
DR03230,Doctor_3230,Male,D010,Nephrology,MBBS,24,Evening
DR03231,Doctor_3231,Male,D011,Gynecology,MBBS,18,Morning
DR03232,Doctor_3232,Male,D012,Psychiatry,MS,32,Night
DR03233,Doctor_3233,Female,D013,Pulmonology,MCh,20,Evening
DR03234,Doctor_3234,Male,D014,Gastroenterology,MD,30,Night
DR03235,Doctor_3235,Male,D015,Emergency,MS,30,Evening
DR03236,Doctor_3236,Female,D016,Radiology,MS,35,Night
DR03237,Doctor_3237,Male,D017,ICU,DM,1,Morning
DR03238,Doctor_3238,Female,D018,Ophthalmology,DM,16,Evening
DR03239,Doctor_3239,Female,D019,Endocrinology,MD,9,Morning
DR03240,Doctor_3240,Male,D020,Dental,DM,11,Night
DR03241,Doctor_3241,Female,D001,Cardiology,MS,1,Evening
DR03242,Doctor_3242,Male,D002,Neurology,MS,11,Evening
DR03243,Doctor_3243,Female,D003,Orthopedics,MCh,31,Morning
DR03244,Doctor_3244,Female,D004,Pediatrics,MD,28,Evening
DR03245,Doctor_3245,Male,D005,Oncology,MCh,7,Night
DR03246,Doctor_3246,Male,D006,ENT,MS,30,Night
DR03247,Doctor_3247,Female,D007,Dermatology,MBBS,22,Evening
DR03248,Doctor_3248,Male,D008,General Surgery,MBBS,1,Night
DR03249,Doctor_3249,Female,D009,Urology,DM,9,Night
DR03250,Doctor_3250,Female,D010,Nephrology,MBBS,6,Morning
DR03251,Doctor_3251,Male,D011,Gynecology,MS,34,Evening
DR03252,Doctor_3252,Male,D012,Psychiatry,MS,18,Night
DR03253,Doctor_3253,Male,D013,Pulmonology,MD,10,Morning
DR03254,Doctor_3254,Male,D014,Gastroenterology,DM,16,Night
DR03255,Doctor_3255,Male,D015,Emergency,MS,7,Evening
DR03256,Doctor_3256,Male,D016,Radiology,MBBS,10,Evening
DR03257,Doctor_3257,Female,D017,ICU,MD,31,Night
DR03258,Doctor_3258,Female,D018,Ophthalmology,MBBS,4,Morning
DR03259,Doctor_3259,Female,D019,Endocrinology,MS,26,Morning
DR03260,Doctor_3260,Male,D020,Dental,MBBS,32,Night
DR03261,Doctor_3261,Male,D001,Cardiology,MD,17,Night
DR03262,Doctor_3262,Female,D002,Neurology,MD,1,Night
DR03263,Doctor_3263,Male,D003,Orthopedics,MCh,32,Night
DR03264,Doctor_3264,Female,D004,Pediatrics,DM,9,Night
DR03265,Doctor_3265,Male,D005,Oncology,MBBS,2,Night
DR03266,Doctor_3266,Male,D006,ENT,MS,3,Night
DR03267,Doctor_3267,Male,D007,Dermatology,MBBS,2,Morning
DR03268,Doctor_3268,Female,D008,General Surgery,MBBS,14,Evening
DR03269,Doctor_3269,Male,D009,Urology,MS,17,Morning
DR03270,Doctor_3270,Male,D010,Nephrology,MD,14,Evening
DR03271,Doctor_3271,Female,D011,Gynecology,MS,8,Evening
DR03272,Doctor_3272,Female,D012,Psychiatry,MD,27,Evening
DR03273,Doctor_3273,Male,D013,Pulmonology,DM,2,Night
DR03274,Doctor_3274,Female,D014,Gastroenterology,MBBS,25,Evening
DR03275,Doctor_3275,Male,D015,Emergency,MD,18,Evening
DR03276,Doctor_3276,Male,D016,Radiology,MD,34,Night
DR03277,Doctor_3277,Male,D017,ICU,MCh,33,Night
DR03278,Doctor_3278,Male,D018,Ophthalmology,MCh,12,Night
DR03279,Doctor_3279,Male,D019,Endocrinology,DM,13,Evening
DR03280,Doctor_3280,Female,D020,Dental,DM,33,Night
DR03281,Doctor_3281,Female,D001,Cardiology,MD,11,Evening
DR03282,Doctor_3282,Male,D002,Neurology,MS,12,Night
DR03283,Doctor_3283,Female,D003,Orthopedics,MBBS,4,Night
DR03284,Doctor_3284,Male,D004,Pediatrics,MCh,22,Evening
DR03285,Doctor_3285,Female,D005,Oncology,MBBS,24,Evening
DR03286,Doctor_3286,Male,D006,ENT,MD,12,Evening
DR03287,Doctor_3287,Female,D007,Dermatology,MD,22,Evening
DR03288,Doctor_3288,Male,D008,General Surgery,MCh,18,Morning
DR03289,Doctor_3289,Female,D009,Urology,MBBS,15,Night
DR03290,Doctor_3290,Female,D010,Nephrology,MS,2,Morning
DR03291,Doctor_3291,Female,D011,Gynecology,MBBS,33,Night
DR03292,Doctor_3292,Female,D012,Psychiatry,DM,13,Morning
DR03293,Doctor_3293,Male,D013,Pulmonology,MS,12,Morning
DR03294,Doctor_3294,Female,D014,Gastroenterology,MBBS,16,Evening
DR03295,Doctor_3295,Male,D015,Emergency,MD,9,Night
DR03296,Doctor_3296,Female,D016,Radiology,MD,17,Evening
DR03297,Doctor_3297,Female,D017,ICU,MD,32,Night
DR03298,Doctor_3298,Female,D018,Ophthalmology,MD,35,Night
DR03299,Doctor_3299,Male,D019,Endocrinology,MS,6,Morning
DR03300,Doctor_3300,Female,D020,Dental,MBBS,21,Night
DR03301,Doctor_3301,Female,D001,Cardiology,MCh,3,Night
DR03302,Doctor_3302,Female,D002,Neurology,MS,30,Morning
DR03303,Doctor_3303,Female,D003,Orthopedics,DM,28,Morning
DR03304,Doctor_3304,Female,D004,Pediatrics,MBBS,3,Morning
DR03305,Doctor_3305,Male,D005,Oncology,MS,3,Morning
DR03306,Doctor_3306,Male,D006,ENT,DM,32,Morning
DR03307,Doctor_3307,Male,D007,Dermatology,MBBS,9,Night
DR03308,Doctor_3308,Male,D008,General Surgery,MCh,29,Morning
DR03309,Doctor_3309,Male,D009,Urology,MD,24,Evening
DR03310,Doctor_3310,Male,D010,Nephrology,MS,5,Evening
DR03311,Doctor_3311,Male,D011,Gynecology,MS,2,Night
DR03312,Doctor_3312,Male,D012,Psychiatry,MS,28,Night
DR03313,Doctor_3313,Male,D013,Pulmonology,MD,12,Morning
DR03314,Doctor_3314,Male,D014,Gastroenterology,MD,32,Night
DR03315,Doctor_3315,Male,D015,Emergency,MS,17,Night
DR03316,Doctor_3316,Female,D016,Radiology,MD,29,Evening
DR03317,Doctor_3317,Female,D017,ICU,MBBS,15,Night
DR03318,Doctor_3318,Female,D018,Ophthalmology,MBBS,7,Morning
DR03319,Doctor_3319,Male,D019,Endocrinology,MBBS,5,Night
DR03320,Doctor_3320,Female,D020,Dental,MCh,35,Morning
DR03321,Doctor_3321,Female,D001,Cardiology,MD,6,Night
DR03322,Doctor_3322,Male,D002,Neurology,MCh,26,Night
DR03323,Doctor_3323,Female,D003,Orthopedics,MCh,28,Evening
DR03324,Doctor_3324,Female,D004,Pediatrics,MS,13,Night
DR03325,Doctor_3325,Male,D005,Oncology,MD,30,Morning
DR03326,Doctor_3326,Female,D006,ENT,MD,14,Night
DR03327,Doctor_3327,Male,D007,Dermatology,DM,2,Night
DR03328,Doctor_3328,Female,D008,General Surgery,MBBS,4,Morning
DR03329,Doctor_3329,Male,D009,Urology,MD,24,Evening
DR03330,Doctor_3330,Male,D010,Nephrology,MD,34,Morning
DR03331,Doctor_3331,Female,D011,Gynecology,MBBS,10,Evening
DR03332,Doctor_3332,Male,D012,Psychiatry,MD,3,Morning
DR03333,Doctor_3333,Male,D013,Pulmonology,MCh,34,Evening
DR03334,Doctor_3334,Female,D014,Gastroenterology,MBBS,32,Evening
DR03335,Doctor_3335,Female,D015,Emergency,MS,8,Night
DR03336,Doctor_3336,Female,D016,Radiology,MD,9,Night
DR03337,Doctor_3337,Female,D017,ICU,MBBS,19,Night
DR03338,Doctor_3338,Female,D018,Ophthalmology,MS,31,Night
DR03339,Doctor_3339,Female,D019,Endocrinology,MCh,21,Night
DR03340,Doctor_3340,Male,D020,Dental,MCh,23,Evening
DR03341,Doctor_3341,Male,D001,Cardiology,DM,12,Morning
DR03342,Doctor_3342,Male,D002,Neurology,DM,20,Evening
DR03343,Doctor_3343,Female,D003,Orthopedics,MCh,12,Morning
DR03344,Doctor_3344,Male,D004,Pediatrics,DM,34,Evening
DR03345,Doctor_3345,Male,D005,Oncology,MBBS,31,Evening
DR03346,Doctor_3346,Female,D006,ENT,MD,20,Evening
DR03347,Doctor_3347,Male,D007,Dermatology,MS,17,Morning
DR03348,Doctor_3348,Female,D008,General Surgery,MD,20,Morning
DR03349,Doctor_3349,Male,D009,Urology,MD,6,Night
DR03350,Doctor_3350,Male,D010,Nephrology,MCh,12,Morning
DR03351,Doctor_3351,Male,D011,Gynecology,MS,11,Evening
DR03352,Doctor_3352,Male,D012,Psychiatry,MD,2,Evening
DR03353,Doctor_3353,Female,D013,Pulmonology,MD,26,Night
DR03354,Doctor_3354,Female,D014,Gastroenterology,MD,2,Evening
DR03355,Doctor_3355,Female,D015,Emergency,MD,8,Evening
DR03356,Doctor_3356,Female,D016,Radiology,MBBS,7,Morning
DR03357,Doctor_3357,Male,D017,ICU,DM,12,Morning
DR03358,Doctor_3358,Female,D018,Ophthalmology,MS,16,Morning
DR03359,Doctor_3359,Male,D019,Endocrinology,MS,18,Morning
DR03360,Doctor_3360,Female,D020,Dental,MCh,17,Evening
DR03361,Doctor_3361,Female,D001,Cardiology,MD,30,Morning
DR03362,Doctor_3362,Male,D002,Neurology,MCh,26,Evening
DR03363,Doctor_3363,Female,D003,Orthopedics,MD,8,Night
DR03364,Doctor_3364,Male,D004,Pediatrics,MCh,33,Morning
DR03365,Doctor_3365,Male,D005,Oncology,MBBS,35,Evening
DR03366,Doctor_3366,Female,D006,ENT,MS,11,Evening
DR03367,Doctor_3367,Female,D007,Dermatology,DM,1,Morning
DR03368,Doctor_3368,Male,D008,General Surgery,MS,1,Morning
DR03369,Doctor_3369,Female,D009,Urology,MS,2,Evening
DR03370,Doctor_3370,Female,D010,Nephrology,DM,6,Morning
DR03371,Doctor_3371,Male,D011,Gynecology,DM,34,Evening
DR03372,Doctor_3372,Female,D012,Psychiatry,MD,34,Morning
DR03373,Doctor_3373,Female,D013,Pulmonology,MD,3,Evening
DR03374,Doctor_3374,Female,D014,Gastroenterology,DM,21,Morning
DR03375,Doctor_3375,Female,D015,Emergency,MD,27,Morning
DR03376,Doctor_3376,Male,D016,Radiology,MD,16,Morning
DR03377,Doctor_3377,Female,D017,ICU,MS,27,Evening
DR03378,Doctor_3378,Female,D018,Ophthalmology,DM,3,Evening
DR03379,Doctor_3379,Female,D019,Endocrinology,MCh,8,Morning
DR03380,Doctor_3380,Female,D020,Dental,DM,29,Night
DR03381,Doctor_3381,Female,D001,Cardiology,DM,2,Morning
DR03382,Doctor_3382,Female,D002,Neurology,MS,19,Morning
DR03383,Doctor_3383,Female,D003,Orthopedics,MCh,17,Evening
DR03384,Doctor_3384,Male,D004,Pediatrics,MCh,11,Night
DR03385,Doctor_3385,Male,D005,Oncology,MCh,5,Evening
DR03386,Doctor_3386,Female,D006,ENT,DM,23,Evening
DR03387,Doctor_3387,Female,D007,Dermatology,DM,5,Evening
DR03388,Doctor_3388,Male,D008,General Surgery,MD,10,Morning
DR03389,Doctor_3389,Male,D009,Urology,MCh,25,Morning
DR03390,Doctor_3390,Female,D010,Nephrology,MBBS,9,Night
DR03391,Doctor_3391,Female,D011,Gynecology,MCh,2,Evening
DR03392,Doctor_3392,Female,D012,Psychiatry,MBBS,8,Morning
DR03393,Doctor_3393,Female,D013,Pulmonology,MD,11,Evening
DR03394,Doctor_3394,Female,D014,Gastroenterology,MD,16,Night
DR03395,Doctor_3395,Male,D015,Emergency,MD,12,Night
DR03396,Doctor_3396,Male,D016,Radiology,MD,35,Morning
DR03397,Doctor_3397,Male,D017,ICU,MD,15,Evening
DR03398,Doctor_3398,Male,D018,Ophthalmology,MD,29,Night
DR03399,Doctor_3399,Male,D019,Endocrinology,MD,31,Evening
DR03400,Doctor_3400,Female,D020,Dental,DM,14,Morning
DR03401,Doctor_3401,Female,D001,Cardiology,MBBS,21,Morning
DR03402,Doctor_3402,Female,D002,Neurology,MBBS,14,Night
DR03403,Doctor_3403,Female,D003,Orthopedics,MBBS,20,Evening
DR03404,Doctor_3404,Male,D004,Pediatrics,MCh,20,Evening
DR03405,Doctor_3405,Female,D005,Oncology,MCh,21,Night
DR03406,Doctor_3406,Male,D006,ENT,MS,11,Morning
DR03407,Doctor_3407,Male,D007,Dermatology,MCh,14,Evening
DR03408,Doctor_3408,Female,D008,General Surgery,DM,7,Night
DR03409,Doctor_3409,Male,D009,Urology,MD,6,Night
DR03410,Doctor_3410,Female,D010,Nephrology,DM,18,Evening
DR03411,Doctor_3411,Female,D011,Gynecology,MD,18,Morning
DR03412,Doctor_3412,Male,D012,Psychiatry,MS,24,Night
DR03413,Doctor_3413,Female,D013,Pulmonology,MS,6,Morning
DR03414,Doctor_3414,Male,D014,Gastroenterology,MCh,17,Evening
DR03415,Doctor_3415,Male,D015,Emergency,MBBS,29,Morning
DR03416,Doctor_3416,Male,D016,Radiology,MD,11,Morning
DR03417,Doctor_3417,Male,D017,ICU,MCh,30,Evening
DR03418,Doctor_3418,Female,D018,Ophthalmology,MBBS,27,Night
DR03419,Doctor_3419,Female,D019,Endocrinology,MD,4,Evening
DR03420,Doctor_3420,Male,D020,Dental,MD,35,Night
DR03421,Doctor_3421,Male,D001,Cardiology,MD,26,Evening
DR03422,Doctor_3422,Male,D002,Neurology,MCh,18,Morning
DR03423,Doctor_3423,Female,D003,Orthopedics,DM,29,Morning
DR03424,Doctor_3424,Female,D004,Pediatrics,MCh,24,Morning
DR03425,Doctor_3425,Male,D005,Oncology,MCh,30,Night
DR03426,Doctor_3426,Male,D006,ENT,MCh,14,Morning
DR03427,Doctor_3427,Female,D007,Dermatology,MS,20,Evening
DR03428,Doctor_3428,Female,D008,General Surgery,DM,29,Night
DR03429,Doctor_3429,Female,D009,Urology,MS,24,Night
DR03430,Doctor_3430,Male,D010,Nephrology,DM,30,Evening
DR03431,Doctor_3431,Female,D011,Gynecology,MD,18,Night
DR03432,Doctor_3432,Male,D012,Psychiatry,MS,7,Morning
DR03433,Doctor_3433,Female,D013,Pulmonology,MS,15,Morning
DR03434,Doctor_3434,Female,D014,Gastroenterology,MCh,26,Night
DR03435,Doctor_3435,Male,D015,Emergency,DM,29,Evening
DR03436,Doctor_3436,Female,D016,Radiology,MS,15,Night
DR03437,Doctor_3437,Female,D017,ICU,DM,15,Evening
DR03438,Doctor_3438,Female,D018,Ophthalmology,MBBS,29,Night
DR03439,Doctor_3439,Male,D019,Endocrinology,MS,19,Morning
DR03440,Doctor_3440,Male,D020,Dental,MD,1,Evening
DR03441,Doctor_3441,Female,D001,Cardiology,MCh,10,Evening
DR03442,Doctor_3442,Male,D002,Neurology,MS,3,Night
DR03443,Doctor_3443,Male,D003,Orthopedics,MS,25,Evening
DR03444,Doctor_3444,Female,D004,Pediatrics,MBBS,22,Morning
DR03445,Doctor_3445,Female,D005,Oncology,MS,15,Morning
DR03446,Doctor_3446,Male,D006,ENT,MBBS,12,Evening
DR03447,Doctor_3447,Female,D007,Dermatology,MS,26,Night
DR03448,Doctor_3448,Female,D008,General Surgery,DM,35,Night
DR03449,Doctor_3449,Male,D009,Urology,MCh,17,Morning
DR03450,Doctor_3450,Male,D010,Nephrology,MD,8,Night
DR03451,Doctor_3451,Female,D011,Gynecology,MD,20,Evening
DR03452,Doctor_3452,Male,D012,Psychiatry,MS,12,Morning
DR03453,Doctor_3453,Female,D013,Pulmonology,MD,5,Night
DR03454,Doctor_3454,Male,D014,Gastroenterology,MS,5,Evening
DR03455,Doctor_3455,Female,D015,Emergency,MD,29,Night
DR03456,Doctor_3456,Female,D016,Radiology,MCh,24,Morning
DR03457,Doctor_3457,Female,D017,ICU,MS,4,Morning
DR03458,Doctor_3458,Female,D018,Ophthalmology,MBBS,7,Evening
DR03459,Doctor_3459,Male,D019,Endocrinology,MD,12,Morning
DR03460,Doctor_3460,Male,D020,Dental,MBBS,16,Night
DR03461,Doctor_3461,Male,D001,Cardiology,MS,13,Morning
DR03462,Doctor_3462,Male,D002,Neurology,MBBS,10,Evening
DR03463,Doctor_3463,Male,D003,Orthopedics,MCh,12,Night
DR03464,Doctor_3464,Female,D004,Pediatrics,MD,28,Night
DR03465,Doctor_3465,Male,D005,Oncology,MS,6,Morning
DR03466,Doctor_3466,Female,D006,ENT,DM,35,Evening
DR03467,Doctor_3467,Male,D007,Dermatology,MS,23,Morning
DR03468,Doctor_3468,Female,D008,General Surgery,MCh,9,Morning
DR03469,Doctor_3469,Female,D009,Urology,DM,13,Night
DR03470,Doctor_3470,Female,D010,Nephrology,MBBS,7,Evening
DR03471,Doctor_3471,Male,D011,Gynecology,MBBS,23,Night
DR03472,Doctor_3472,Male,D012,Psychiatry,MCh,13,Morning
DR03473,Doctor_3473,Male,D013,Pulmonology,MS,33,Morning
DR03474,Doctor_3474,Male,D014,Gastroenterology,MCh,28,Morning
DR03475,Doctor_3475,Male,D015,Emergency,MS,11,Morning
DR03476,Doctor_3476,Female,D016,Radiology,MS,13,Night
DR03477,Doctor_3477,Female,D017,ICU,MD,12,Night
DR03478,Doctor_3478,Male,D018,Ophthalmology,MCh,7,Morning
DR03479,Doctor_3479,Male,D019,Endocrinology,MBBS,8,Morning
DR03480,Doctor_3480,Female,D020,Dental,MS,27,Evening
DR03481,Doctor_3481,Male,D001,Cardiology,DM,10,Night
DR03482,Doctor_3482,Female,D002,Neurology,DM,25,Evening
DR03483,Doctor_3483,Male,D003,Orthopedics,MBBS,25,Evening
DR03484,Doctor_3484,Female,D004,Pediatrics,MBBS,29,Morning
DR03485,Doctor_3485,Female,D005,Oncology,MD,16,Night
DR03486,Doctor_3486,Female,D006,ENT,DM,35,Morning
DR03487,Doctor_3487,Female,D007,Dermatology,DM,19,Evening
DR03488,Doctor_3488,Male,D008,General Surgery,DM,26,Evening
DR03489,Doctor_3489,Female,D009,Urology,MS,15,Night
DR03490,Doctor_3490,Male,D010,Nephrology,DM,31,Night
DR03491,Doctor_3491,Male,D011,Gynecology,MCh,30,Night
DR03492,Doctor_3492,Female,D012,Psychiatry,MBBS,14,Morning
DR03493,Doctor_3493,Male,D013,Pulmonology,DM,31,Night
DR03494,Doctor_3494,Female,D014,Gastroenterology,MBBS,4,Evening
DR03495,Doctor_3495,Male,D015,Emergency,MS,7,Morning
DR03496,Doctor_3496,Male,D016,Radiology,MD,13,Night
DR03497,Doctor_3497,Female,D017,ICU,MBBS,1,Evening
DR03498,Doctor_3498,Female,D018,Ophthalmology,DM,16,Night
DR03499,Doctor_3499,Male,D019,Endocrinology,MCh,30,Evening
DR03500,Doctor_3500,Female,D020,Dental,MBBS,14,Evening
DR03501,Doctor_3501,Male,D001,Cardiology,DM,4,Morning
DR03502,Doctor_3502,Male,D002,Neurology,MBBS,15,Evening
DR03503,Doctor_3503,Female,D003,Orthopedics,MCh,8,Night
DR03504,Doctor_3504,Female,D004,Pediatrics,MS,32,Evening
DR03505,Doctor_3505,Male,D005,Oncology,MD,25,Night
DR03506,Doctor_3506,Female,D006,ENT,MCh,2,Night
DR03507,Doctor_3507,Male,D007,Dermatology,MD,30,Morning
DR03508,Doctor_3508,Male,D008,General Surgery,MS,30,Night
DR03509,Doctor_3509,Male,D009,Urology,MS,32,Evening
DR03510,Doctor_3510,Female,D010,Nephrology,MS,23,Night
DR03511,Doctor_3511,Female,D011,Gynecology,MD,20,Night
DR03512,Doctor_3512,Female,D012,Psychiatry,MCh,8,Morning
DR03513,Doctor_3513,Male,D013,Pulmonology,MS,30,Evening
DR03514,Doctor_3514,Male,D014,Gastroenterology,MBBS,7,Evening
DR03515,Doctor_3515,Male,D015,Emergency,MCh,9,Evening
DR03516,Doctor_3516,Female,D016,Radiology,MCh,1,Evening
DR03517,Doctor_3517,Male,D017,ICU,DM,21,Evening
DR03518,Doctor_3518,Male,D018,Ophthalmology,MBBS,13,Morning
DR03519,Doctor_3519,Female,D019,Endocrinology,DM,22,Morning
DR03520,Doctor_3520,Male,D020,Dental,MD,34,Night
DR03521,Doctor_3521,Female,D001,Cardiology,MS,14,Evening
DR03522,Doctor_3522,Male,D002,Neurology,MS,24,Evening
DR03523,Doctor_3523,Female,D003,Orthopedics,DM,16,Evening
DR03524,Doctor_3524,Female,D004,Pediatrics,MD,31,Morning
DR03525,Doctor_3525,Female,D005,Oncology,MS,19,Morning
DR03526,Doctor_3526,Female,D006,ENT,MCh,14,Night
DR03527,Doctor_3527,Female,D007,Dermatology,DM,15,Morning
DR03528,Doctor_3528,Male,D008,General Surgery,MCh,12,Evening
DR03529,Doctor_3529,Female,D009,Urology,MS,5,Evening
DR03530,Doctor_3530,Male,D010,Nephrology,MBBS,30,Morning
DR03531,Doctor_3531,Female,D011,Gynecology,MD,14,Night
DR03532,Doctor_3532,Female,D012,Psychiatry,MCh,17,Morning
DR03533,Doctor_3533,Male,D013,Pulmonology,DM,5,Evening
DR03534,Doctor_3534,Female,D014,Gastroenterology,MCh,12,Morning
DR03535,Doctor_3535,Female,D015,Emergency,MBBS,35,Morning
DR03536,Doctor_3536,Male,D016,Radiology,MS,34,Morning
DR03537,Doctor_3537,Male,D017,ICU,DM,23,Morning
DR03538,Doctor_3538,Female,D018,Ophthalmology,MBBS,8,Morning
DR03539,Doctor_3539,Female,D019,Endocrinology,MCh,23,Night
DR03540,Doctor_3540,Male,D020,Dental,MBBS,34,Evening
DR03541,Doctor_3541,Female,D001,Cardiology,MCh,28,Morning
DR03542,Doctor_3542,Female,D002,Neurology,MD,26,Evening
DR03543,Doctor_3543,Female,D003,Orthopedics,MD,34,Night
DR03544,Doctor_3544,Female,D004,Pediatrics,DM,17,Morning
DR03545,Doctor_3545,Male,D005,Oncology,MD,17,Evening
DR03546,Doctor_3546,Female,D006,ENT,MBBS,5,Evening
DR03547,Doctor_3547,Female,D007,Dermatology,MS,25,Morning
DR03548,Doctor_3548,Male,D008,General Surgery,MS,26,Morning
DR03549,Doctor_3549,Male,D009,Urology,MD,33,Night
DR03550,Doctor_3550,Female,D010,Nephrology,MD,28,Morning
DR03551,Doctor_3551,Female,D011,Gynecology,MS,26,Morning
DR03552,Doctor_3552,Female,D012,Psychiatry,DM,10,Night
DR03553,Doctor_3553,Male,D013,Pulmonology,MCh,15,Night
DR03554,Doctor_3554,Female,D014,Gastroenterology,MBBS,28,Morning
DR03555,Doctor_3555,Male,D015,Emergency,DM,22,Evening
DR03556,Doctor_3556,Male,D016,Radiology,MCh,24,Evening
DR03557,Doctor_3557,Female,D017,ICU,MCh,7,Morning
DR03558,Doctor_3558,Female,D018,Ophthalmology,MBBS,8,Night
DR03559,Doctor_3559,Female,D019,Endocrinology,MD,34,Evening
DR03560,Doctor_3560,Female,D020,Dental,MBBS,29,Morning
DR03561,Doctor_3561,Female,D001,Cardiology,MS,2,Night
DR03562,Doctor_3562,Male,D002,Neurology,MBBS,2,Evening
DR03563,Doctor_3563,Male,D003,Orthopedics,MCh,16,Night
DR03564,Doctor_3564,Male,D004,Pediatrics,MD,28,Morning
DR03565,Doctor_3565,Female,D005,Oncology,MCh,33,Evening
DR03566,Doctor_3566,Female,D006,ENT,DM,18,Evening
DR03567,Doctor_3567,Male,D007,Dermatology,MCh,5,Evening
DR03568,Doctor_3568,Male,D008,General Surgery,MD,29,Night
DR03569,Doctor_3569,Male,D009,Urology,MBBS,20,Evening
DR03570,Doctor_3570,Male,D010,Nephrology,MD,34,Night
DR03571,Doctor_3571,Male,D011,Gynecology,MBBS,3,Morning
DR03572,Doctor_3572,Male,D012,Psychiatry,MD,19,Night
DR03573,Doctor_3573,Female,D013,Pulmonology,MBBS,2,Morning
DR03574,Doctor_3574,Male,D014,Gastroenterology,MD,26,Morning
DR03575,Doctor_3575,Female,D015,Emergency,DM,29,Evening
DR03576,Doctor_3576,Male,D016,Radiology,MD,1,Night
DR03577,Doctor_3577,Female,D017,ICU,MCh,5,Morning
DR03578,Doctor_3578,Female,D018,Ophthalmology,MD,18,Evening
DR03579,Doctor_3579,Male,D019,Endocrinology,MCh,30,Night
DR03580,Doctor_3580,Female,D020,Dental,MBBS,14,Evening
DR03581,Doctor_3581,Male,D001,Cardiology,MCh,6,Night
DR03582,Doctor_3582,Male,D002,Neurology,MBBS,5,Night
DR03583,Doctor_3583,Male,D003,Orthopedics,MCh,14,Morning
DR03584,Doctor_3584,Female,D004,Pediatrics,MCh,35,Morning
DR03585,Doctor_3585,Female,D005,Oncology,MCh,15,Night
DR03586,Doctor_3586,Female,D006,ENT,MBBS,27,Night
DR03587,Doctor_3587,Female,D007,Dermatology,MBBS,31,Night
DR03588,Doctor_3588,Female,D008,General Surgery,MCh,2,Evening
DR03589,Doctor_3589,Female,D009,Urology,MBBS,13,Evening
DR03590,Doctor_3590,Male,D010,Nephrology,DM,1,Night
DR03591,Doctor_3591,Female,D011,Gynecology,MS,8,Evening
DR03592,Doctor_3592,Female,D012,Psychiatry,MCh,17,Night
DR03593,Doctor_3593,Male,D013,Pulmonology,MD,32,Night
DR03594,Doctor_3594,Male,D014,Gastroenterology,MS,20,Night
DR03595,Doctor_3595,Male,D015,Emergency,DM,19,Morning
DR03596,Doctor_3596,Female,D016,Radiology,MCh,13,Evening
DR03597,Doctor_3597,Female,D017,ICU,MBBS,34,Evening
DR03598,Doctor_3598,Female,D018,Ophthalmology,MBBS,24,Morning
DR03599,Doctor_3599,Female,D019,Endocrinology,MS,9,Night
DR03600,Doctor_3600,Male,D020,Dental,DM,29,Evening
DR03601,Doctor_3601,Female,D001,Cardiology,MS,14,Morning
DR03602,Doctor_3602,Male,D002,Neurology,MS,35,Evening
DR03603,Doctor_3603,Female,D003,Orthopedics,MBBS,24,Night
DR03604,Doctor_3604,Male,D004,Pediatrics,MD,15,Night
DR03605,Doctor_3605,Female,D005,Oncology,MBBS,34,Morning
DR03606,Doctor_3606,Female,D006,ENT,DM,1,Evening
DR03607,Doctor_3607,Female,D007,Dermatology,MS,35,Night
DR03608,Doctor_3608,Male,D008,General Surgery,MBBS,27,Night
DR03609,Doctor_3609,Female,D009,Urology,MD,15,Morning
DR03610,Doctor_3610,Female,D010,Nephrology,MCh,10,Evening
DR03611,Doctor_3611,Female,D011,Gynecology,MS,15,Evening
DR03612,Doctor_3612,Female,D012,Psychiatry,MD,28,Morning
DR03613,Doctor_3613,Female,D013,Pulmonology,MD,7,Night
DR03614,Doctor_3614,Male,D014,Gastroenterology,MS,7,Evening
DR03615,Doctor_3615,Male,D015,Emergency,MS,29,Evening
DR03616,Doctor_3616,Female,D016,Radiology,MBBS,16,Night
DR03617,Doctor_3617,Male,D017,ICU,MD,22,Morning
DR03618,Doctor_3618,Male,D018,Ophthalmology,MS,21,Evening
DR03619,Doctor_3619,Male,D019,Endocrinology,MBBS,2,Evening
DR03620,Doctor_3620,Male,D020,Dental,MS,1,Morning
DR03621,Doctor_3621,Male,D001,Cardiology,MS,14,Evening
DR03622,Doctor_3622,Male,D002,Neurology,MD,13,Evening
DR03623,Doctor_3623,Male,D003,Orthopedics,MD,10,Morning
DR03624,Doctor_3624,Male,D004,Pediatrics,MS,24,Night
DR03625,Doctor_3625,Female,D005,Oncology,MCh,8,Morning
DR03626,Doctor_3626,Female,D006,ENT,MBBS,8,Night
DR03627,Doctor_3627,Female,D007,Dermatology,DM,12,Night
DR03628,Doctor_3628,Male,D008,General Surgery,DM,26,Evening
DR03629,Doctor_3629,Female,D009,Urology,DM,14,Night
DR03630,Doctor_3630,Female,D010,Nephrology,MS,22,Evening
DR03631,Doctor_3631,Male,D011,Gynecology,MBBS,13,Evening
DR03632,Doctor_3632,Female,D012,Psychiatry,MBBS,3,Night
DR03633,Doctor_3633,Male,D013,Pulmonology,MD,21,Morning
DR03634,Doctor_3634,Male,D014,Gastroenterology,MBBS,30,Morning
DR03635,Doctor_3635,Male,D015,Emergency,MBBS,10,Night
DR03636,Doctor_3636,Male,D016,Radiology,MD,19,Night
DR03637,Doctor_3637,Male,D017,ICU,MS,33,Night
DR03638,Doctor_3638,Male,D018,Ophthalmology,MCh,21,Morning
DR03639,Doctor_3639,Female,D019,Endocrinology,MBBS,11,Night
DR03640,Doctor_3640,Male,D020,Dental,MD,35,Evening
DR03641,Doctor_3641,Male,D001,Cardiology,MS,22,Night
DR03642,Doctor_3642,Female,D002,Neurology,MCh,31,Morning
DR03643,Doctor_3643,Female,D003,Orthopedics,DM,17,Night
DR03644,Doctor_3644,Female,D004,Pediatrics,DM,5,Evening
DR03645,Doctor_3645,Male,D005,Oncology,DM,6,Night
DR03646,Doctor_3646,Female,D006,ENT,MS,33,Morning
DR03647,Doctor_3647,Female,D007,Dermatology,DM,8,Evening
DR03648,Doctor_3648,Female,D008,General Surgery,MCh,34,Evening
DR03649,Doctor_3649,Female,D009,Urology,MS,34,Night
DR03650,Doctor_3650,Male,D010,Nephrology,MBBS,10,Night
DR03651,Doctor_3651,Female,D011,Gynecology,MD,9,Night
DR03652,Doctor_3652,Male,D012,Psychiatry,MBBS,10,Morning
DR03653,Doctor_3653,Male,D013,Pulmonology,MCh,21,Evening
DR03654,Doctor_3654,Male,D014,Gastroenterology,MS,11,Morning
DR03655,Doctor_3655,Female,D015,Emergency,MBBS,17,Evening
DR03656,Doctor_3656,Female,D016,Radiology,MBBS,28,Evening
DR03657,Doctor_3657,Female,D017,ICU,DM,5,Morning
DR03658,Doctor_3658,Male,D018,Ophthalmology,MCh,13,Night
DR03659,Doctor_3659,Male,D019,Endocrinology,MD,16,Evening
DR03660,Doctor_3660,Male,D020,Dental,DM,12,Night
DR03661,Doctor_3661,Female,D001,Cardiology,MS,5,Night
DR03662,Doctor_3662,Female,D002,Neurology,MS,35,Evening
DR03663,Doctor_3663,Male,D003,Orthopedics,MD,7,Evening
DR03664,Doctor_3664,Male,D004,Pediatrics,MBBS,23,Morning
DR03665,Doctor_3665,Female,D005,Oncology,DM,5,Evening
DR03666,Doctor_3666,Male,D006,ENT,MCh,33,Night
DR03667,Doctor_3667,Female,D007,Dermatology,MD,4,Evening
DR03668,Doctor_3668,Male,D008,General Surgery,DM,30,Night
DR03669,Doctor_3669,Male,D009,Urology,MD,3,Night
DR03670,Doctor_3670,Male,D010,Nephrology,MD,31,Evening
DR03671,Doctor_3671,Male,D011,Gynecology,MBBS,19,Morning
DR03672,Doctor_3672,Male,D012,Psychiatry,DM,11,Morning
DR03673,Doctor_3673,Male,D013,Pulmonology,DM,30,Morning
DR03674,Doctor_3674,Male,D014,Gastroenterology,DM,4,Evening
DR03675,Doctor_3675,Male,D015,Emergency,DM,18,Evening
DR03676,Doctor_3676,Female,D016,Radiology,MBBS,26,Night
DR03677,Doctor_3677,Female,D017,ICU,MD,22,Evening
DR03678,Doctor_3678,Female,D018,Ophthalmology,MS,12,Night
DR03679,Doctor_3679,Male,D019,Endocrinology,MD,7,Morning
DR03680,Doctor_3680,Male,D020,Dental,MCh,5,Morning
DR03681,Doctor_3681,Male,D001,Cardiology,MS,15,Evening
DR03682,Doctor_3682,Female,D002,Neurology,DM,24,Morning
DR03683,Doctor_3683,Male,D003,Orthopedics,DM,15,Morning
DR03684,Doctor_3684,Female,D004,Pediatrics,MS,10,Night
DR03685,Doctor_3685,Female,D005,Oncology,MCh,23,Evening
DR03686,Doctor_3686,Female,D006,ENT,MCh,34,Morning
DR03687,Doctor_3687,Male,D007,Dermatology,MS,6,Morning
DR03688,Doctor_3688,Female,D008,General Surgery,MCh,33,Morning
DR03689,Doctor_3689,Female,D009,Urology,MD,24,Evening
DR03690,Doctor_3690,Male,D010,Nephrology,MS,32,Evening
DR03691,Doctor_3691,Male,D011,Gynecology,MS,10,Night
DR03692,Doctor_3692,Female,D012,Psychiatry,MCh,24,Morning
DR03693,Doctor_3693,Female,D013,Pulmonology,MS,35,Evening
DR03694,Doctor_3694,Male,D014,Gastroenterology,MBBS,28,Night
DR03695,Doctor_3695,Male,D015,Emergency,DM,19,Evening
DR03696,Doctor_3696,Female,D016,Radiology,DM,2,Night
DR03697,Doctor_3697,Male,D017,ICU,MS,33,Evening
DR03698,Doctor_3698,Female,D018,Ophthalmology,MBBS,14,Night
DR03699,Doctor_3699,Male,D019,Endocrinology,MBBS,22,Morning
DR03700,Doctor_3700,Male,D020,Dental,MCh,12,Night
DR03701,Doctor_3701,Male,D001,Cardiology,MCh,21,Evening
DR03702,Doctor_3702,Female,D002,Neurology,DM,18,Morning
DR03703,Doctor_3703,Male,D003,Orthopedics,MCh,28,Night
DR03704,Doctor_3704,Male,D004,Pediatrics,MBBS,6,Morning
DR03705,Doctor_3705,Female,D005,Oncology,MD,35,Evening
DR03706,Doctor_3706,Female,D006,ENT,DM,13,Morning
DR03707,Doctor_3707,Female,D007,Dermatology,MCh,32,Evening
DR03708,Doctor_3708,Male,D008,General Surgery,MS,32,Evening
DR03709,Doctor_3709,Male,D009,Urology,DM,25,Night
DR03710,Doctor_3710,Female,D010,Nephrology,MD,3,Night
DR03711,Doctor_3711,Female,D011,Gynecology,MCh,17,Evening
DR03712,Doctor_3712,Male,D012,Psychiatry,MCh,20,Morning
DR03713,Doctor_3713,Female,D013,Pulmonology,MBBS,30,Night
DR03714,Doctor_3714,Female,D014,Gastroenterology,MS,31,Evening
DR03715,Doctor_3715,Female,D015,Emergency,MCh,9,Night
DR03716,Doctor_3716,Male,D016,Radiology,DM,5,Morning
DR03717,Doctor_3717,Female,D017,ICU,MD,7,Evening
DR03718,Doctor_3718,Female,D018,Ophthalmology,DM,31,Night
DR03719,Doctor_3719,Male,D019,Endocrinology,MBBS,8,Morning
DR03720,Doctor_3720,Male,D020,Dental,MD,6,Evening
DR03721,Doctor_3721,Male,D001,Cardiology,DM,11,Morning
DR03722,Doctor_3722,Female,D002,Neurology,MBBS,7,Night
DR03723,Doctor_3723,Male,D003,Orthopedics,MCh,19,Evening
DR03724,Doctor_3724,Female,D004,Pediatrics,MCh,21,Night
DR03725,Doctor_3725,Male,D005,Oncology,MBBS,15,Night
DR03726,Doctor_3726,Male,D006,ENT,MCh,26,Morning
DR03727,Doctor_3727,Female,D007,Dermatology,MS,33,Evening
DR03728,Doctor_3728,Male,D008,General Surgery,MS,3,Night
DR03729,Doctor_3729,Male,D009,Urology,MD,13,Morning
DR03730,Doctor_3730,Male,D010,Nephrology,MD,8,Morning
DR03731,Doctor_3731,Male,D011,Gynecology,MCh,5,Night
DR03732,Doctor_3732,Male,D012,Psychiatry,MD,4,Night
DR03733,Doctor_3733,Male,D013,Pulmonology,MCh,2,Night
DR03734,Doctor_3734,Male,D014,Gastroenterology,MBBS,32,Morning
DR03735,Doctor_3735,Male,D015,Emergency,MBBS,27,Morning
DR03736,Doctor_3736,Female,D016,Radiology,MD,12,Night
DR03737,Doctor_3737,Male,D017,ICU,MBBS,24,Morning
DR03738,Doctor_3738,Male,D018,Ophthalmology,MD,13,Night
DR03739,Doctor_3739,Female,D019,Endocrinology,DM,10,Night
DR03740,Doctor_3740,Male,D020,Dental,MCh,8,Night
DR03741,Doctor_3741,Female,D001,Cardiology,MCh,25,Evening
DR03742,Doctor_3742,Male,D002,Neurology,MS,35,Night
DR03743,Doctor_3743,Female,D003,Orthopedics,MD,2,Evening
DR03744,Doctor_3744,Female,D004,Pediatrics,DM,11,Morning
DR03745,Doctor_3745,Female,D005,Oncology,DM,31,Morning
DR03746,Doctor_3746,Male,D006,ENT,MBBS,4,Morning
DR03747,Doctor_3747,Male,D007,Dermatology,MCh,5,Evening
DR03748,Doctor_3748,Female,D008,General Surgery,MBBS,4,Morning
DR03749,Doctor_3749,Male,D009,Urology,MD,27,Night
DR03750,Doctor_3750,Male,D010,Nephrology,MCh,18,Night
DR03751,Doctor_3751,Male,D011,Gynecology,MD,7,Evening
DR03752,Doctor_3752,Male,D012,Psychiatry,MBBS,26,Night
DR03753,Doctor_3753,Female,D013,Pulmonology,MCh,13,Morning
DR03754,Doctor_3754,Male,D014,Gastroenterology,MCh,26,Evening
DR03755,Doctor_3755,Female,D015,Emergency,MS,4,Morning
DR03756,Doctor_3756,Female,D016,Radiology,MBBS,13,Morning
DR03757,Doctor_3757,Female,D017,ICU,MD,25,Evening
DR03758,Doctor_3758,Male,D018,Ophthalmology,MD,20,Night
DR03759,Doctor_3759,Female,D019,Endocrinology,MBBS,24,Night
DR03760,Doctor_3760,Female,D020,Dental,MCh,7,Evening
DR03761,Doctor_3761,Male,D001,Cardiology,DM,3,Evening
DR03762,Doctor_3762,Male,D002,Neurology,MCh,15,Evening
DR03763,Doctor_3763,Male,D003,Orthopedics,MS,12,Morning
DR03764,Doctor_3764,Female,D004,Pediatrics,MS,27,Morning
DR03765,Doctor_3765,Male,D005,Oncology,MBBS,27,Evening
DR03766,Doctor_3766,Female,D006,ENT,MCh,28,Evening
DR03767,Doctor_3767,Female,D007,Dermatology,MCh,16,Evening
DR03768,Doctor_3768,Female,D008,General Surgery,DM,17,Morning
DR03769,Doctor_3769,Male,D009,Urology,MD,20,Night
DR03770,Doctor_3770,Female,D010,Nephrology,MS,34,Evening
DR03771,Doctor_3771,Female,D011,Gynecology,MS,9,Morning
DR03772,Doctor_3772,Female,D012,Psychiatry,MD,3,Evening
DR03773,Doctor_3773,Female,D013,Pulmonology,DM,17,Evening
DR03774,Doctor_3774,Female,D014,Gastroenterology,MD,20,Morning
DR03775,Doctor_3775,Male,D015,Emergency,MCh,28,Night
DR03776,Doctor_3776,Female,D016,Radiology,MBBS,2,Night
DR03777,Doctor_3777,Male,D017,ICU,DM,4,Evening
DR03778,Doctor_3778,Female,D018,Ophthalmology,DM,18,Night
DR03779,Doctor_3779,Male,D019,Endocrinology,MCh,15,Night
DR03780,Doctor_3780,Female,D020,Dental,MBBS,16,Night
DR03781,Doctor_3781,Male,D001,Cardiology,MS,11,Evening
DR03782,Doctor_3782,Female,D002,Neurology,DM,9,Morning
DR03783,Doctor_3783,Female,D003,Orthopedics,MS,13,Morning
DR03784,Doctor_3784,Female,D004,Pediatrics,DM,13,Night
DR03785,Doctor_3785,Female,D005,Oncology,MCh,11,Night
DR03786,Doctor_3786,Female,D006,ENT,DM,20,Morning
DR03787,Doctor_3787,Male,D007,Dermatology,MCh,17,Evening
DR03788,Doctor_3788,Male,D008,General Surgery,MCh,33,Night
DR03789,Doctor_3789,Male,D009,Urology,DM,2,Evening
DR03790,Doctor_3790,Female,D010,Nephrology,MCh,35,Night
DR03791,Doctor_3791,Male,D011,Gynecology,DM,24,Morning
DR03792,Doctor_3792,Female,D012,Psychiatry,MD,30,Evening
DR03793,Doctor_3793,Male,D013,Pulmonology,MD,32,Morning
DR03794,Doctor_3794,Male,D014,Gastroenterology,DM,20,Morning
DR03795,Doctor_3795,Male,D015,Emergency,MD,11,Night
DR03796,Doctor_3796,Female,D016,Radiology,DM,10,Morning
DR03797,Doctor_3797,Female,D017,ICU,MD,3,Night
DR03798,Doctor_3798,Male,D018,Ophthalmology,MS,11,Night
DR03799,Doctor_3799,Male,D019,Endocrinology,MBBS,32,Night
DR03800,Doctor_3800,Male,D020,Dental,MBBS,13,Morning
DR03801,Doctor_3801,Male,D001,Cardiology,MS,2,Night
DR03802,Doctor_3802,Male,D002,Neurology,MS,12,Evening
DR03803,Doctor_3803,Male,D003,Orthopedics,MCh,24,Morning
DR03804,Doctor_3804,Male,D004,Pediatrics,MD,21,Evening
DR03805,Doctor_3805,Male,D005,Oncology,MS,4,Evening
DR03806,Doctor_3806,Male,D006,ENT,MBBS,28,Night
DR03807,Doctor_3807,Female,D007,Dermatology,MCh,1,Evening
DR03808,Doctor_3808,Male,D008,General Surgery,DM,29,Night
DR03809,Doctor_3809,Male,D009,Urology,MCh,1,Morning
DR03810,Doctor_3810,Female,D010,Nephrology,DM,26,Night
DR03811,Doctor_3811,Male,D011,Gynecology,MD,1,Evening
DR03812,Doctor_3812,Male,D012,Psychiatry,MCh,13,Night
DR03813,Doctor_3813,Female,D013,Pulmonology,MS,24,Evening
DR03814,Doctor_3814,Female,D014,Gastroenterology,MD,26,Evening
DR03815,Doctor_3815,Male,D015,Emergency,MD,1,Evening
DR03816,Doctor_3816,Female,D016,Radiology,MCh,12,Evening
DR03817,Doctor_3817,Male,D017,ICU,MBBS,28,Night
DR03818,Doctor_3818,Female,D018,Ophthalmology,DM,28,Night
DR03819,Doctor_3819,Female,D019,Endocrinology,DM,31,Evening
DR03820,Doctor_3820,Male,D020,Dental,MCh,30,Morning
DR03821,Doctor_3821,Male,D001,Cardiology,MD,28,Night
DR03822,Doctor_3822,Male,D002,Neurology,MCh,26,Evening
DR03823,Doctor_3823,Female,D003,Orthopedics,MBBS,5,Night
DR03824,Doctor_3824,Male,D004,Pediatrics,MCh,11,Morning
DR03825,Doctor_3825,Male,D005,Oncology,MS,16,Morning
DR03826,Doctor_3826,Male,D006,ENT,DM,17,Morning
DR03827,Doctor_3827,Female,D007,Dermatology,MBBS,21,Evening
DR03828,Doctor_3828,Female,D008,General Surgery,MBBS,9,Evening
DR03829,Doctor_3829,Female,D009,Urology,MS,24,Morning
DR03830,Doctor_3830,Female,D010,Nephrology,MBBS,31,Morning
DR03831,Doctor_3831,Female,D011,Gynecology,MD,9,Morning
DR03832,Doctor_3832,Male,D012,Psychiatry,DM,9,Morning
DR03833,Doctor_3833,Female,D013,Pulmonology,MBBS,19,Evening
DR03834,Doctor_3834,Male,D014,Gastroenterology,MCh,2,Night
DR03835,Doctor_3835,Male,D015,Emergency,MCh,35,Evening
DR03836,Doctor_3836,Male,D016,Radiology,DM,10,Morning
DR03837,Doctor_3837,Male,D017,ICU,MD,30,Night
DR03838,Doctor_3838,Male,D018,Ophthalmology,MS,2,Evening
DR03839,Doctor_3839,Male,D019,Endocrinology,MBBS,30,Night
DR03840,Doctor_3840,Female,D020,Dental,MBBS,23,Morning
DR03841,Doctor_3841,Female,D001,Cardiology,MCh,8,Night
DR03842,Doctor_3842,Male,D002,Neurology,MD,31,Night
DR03843,Doctor_3843,Male,D003,Orthopedics,MBBS,21,Evening
DR03844,Doctor_3844,Male,D004,Pediatrics,MS,28,Night
DR03845,Doctor_3845,Male,D005,Oncology,MBBS,4,Evening
DR03846,Doctor_3846,Female,D006,ENT,MD,4,Morning
DR03847,Doctor_3847,Female,D007,Dermatology,MS,33,Night
DR03848,Doctor_3848,Female,D008,General Surgery,MD,6,Night
DR03849,Doctor_3849,Male,D009,Urology,MBBS,27,Evening
DR03850,Doctor_3850,Male,D010,Nephrology,MD,2,Morning
DR03851,Doctor_3851,Female,D011,Gynecology,DM,12,Evening
DR03852,Doctor_3852,Female,D012,Psychiatry,MS,21,Evening
DR03853,Doctor_3853,Male,D013,Pulmonology,MCh,18,Night
DR03854,Doctor_3854,Female,D014,Gastroenterology,MD,8,Evening
DR03855,Doctor_3855,Female,D015,Emergency,MCh,12,Night
DR03856,Doctor_3856,Female,D016,Radiology,DM,34,Night
DR03857,Doctor_3857,Male,D017,ICU,MD,31,Morning
DR03858,Doctor_3858,Male,D018,Ophthalmology,MBBS,30,Evening
DR03859,Doctor_3859,Female,D019,Endocrinology,MS,34,Morning
DR03860,Doctor_3860,Female,D020,Dental,MBBS,6,Evening
DR03861,Doctor_3861,Male,D001,Cardiology,MD,13,Night
DR03862,Doctor_3862,Female,D002,Neurology,MCh,32,Night
DR03863,Doctor_3863,Male,D003,Orthopedics,MBBS,20,Evening
DR03864,Doctor_3864,Female,D004,Pediatrics,MBBS,28,Evening
DR03865,Doctor_3865,Female,D005,Oncology,MS,19,Night
DR03866,Doctor_3866,Male,D006,ENT,MCh,32,Night
DR03867,Doctor_3867,Male,D007,Dermatology,MS,21,Evening
DR03868,Doctor_3868,Male,D008,General Surgery,DM,13,Night
DR03869,Doctor_3869,Female,D009,Urology,MS,1,Morning
DR03870,Doctor_3870,Male,D010,Nephrology,MD,27,Night
DR03871,Doctor_3871,Female,D011,Gynecology,MD,4,Night
DR03872,Doctor_3872,Female,D012,Psychiatry,DM,32,Night
DR03873,Doctor_3873,Male,D013,Pulmonology,MS,16,Evening
DR03874,Doctor_3874,Female,D014,Gastroenterology,MBBS,7,Evening
DR03875,Doctor_3875,Female,D015,Emergency,MD,23,Night
DR03876,Doctor_3876,Male,D016,Radiology,DM,31,Evening
DR03877,Doctor_3877,Female,D017,ICU,MBBS,6,Morning
DR03878,Doctor_3878,Male,D018,Ophthalmology,MD,21,Morning
DR03879,Doctor_3879,Female,D019,Endocrinology,MD,13,Evening
DR03880,Doctor_3880,Female,D020,Dental,MCh,20,Night
DR03881,Doctor_3881,Female,D001,Cardiology,DM,27,Night
DR03882,Doctor_3882,Male,D002,Neurology,DM,9,Night
DR03883,Doctor_3883,Female,D003,Orthopedics,MS,10,Morning
DR03884,Doctor_3884,Male,D004,Pediatrics,MD,2,Night
DR03885,Doctor_3885,Male,D005,Oncology,MBBS,33,Night
DR03886,Doctor_3886,Female,D006,ENT,DM,5,Morning
DR03887,Doctor_3887,Male,D007,Dermatology,MS,25,Morning
DR03888,Doctor_3888,Female,D008,General Surgery,MD,22,Night
DR03889,Doctor_3889,Female,D009,Urology,MCh,28,Night
DR03890,Doctor_3890,Female,D010,Nephrology,MD,29,Morning
DR03891,Doctor_3891,Female,D011,Gynecology,MBBS,24,Morning
DR03892,Doctor_3892,Male,D012,Psychiatry,MD,18,Night
DR03893,Doctor_3893,Male,D013,Pulmonology,MD,26,Morning
DR03894,Doctor_3894,Male,D014,Gastroenterology,MD,32,Morning
DR03895,Doctor_3895,Female,D015,Emergency,MS,15,Evening
DR03896,Doctor_3896,Male,D016,Radiology,MS,10,Evening
DR03897,Doctor_3897,Female,D017,ICU,MD,33,Evening
DR03898,Doctor_3898,Female,D018,Ophthalmology,DM,24,Morning
DR03899,Doctor_3899,Male,D019,Endocrinology,MS,24,Night
DR03900,Doctor_3900,Male,D020,Dental,MBBS,22,Evening
DR03901,Doctor_3901,Female,D001,Cardiology,MBBS,1,Morning
DR03902,Doctor_3902,Female,D002,Neurology,MBBS,20,Night
DR03903,Doctor_3903,Female,D003,Orthopedics,MCh,18,Evening
DR03904,Doctor_3904,Female,D004,Pediatrics,MBBS,17,Morning
DR03905,Doctor_3905,Female,D005,Oncology,DM,25,Night
DR03906,Doctor_3906,Female,D006,ENT,MBBS,29,Evening
DR03907,Doctor_3907,Male,D007,Dermatology,MS,24,Night
DR03908,Doctor_3908,Male,D008,General Surgery,DM,35,Morning
DR03909,Doctor_3909,Male,D009,Urology,MCh,32,Morning
DR03910,Doctor_3910,Male,D010,Nephrology,MS,3,Evening
DR03911,Doctor_3911,Male,D011,Gynecology,MD,19,Evening
DR03912,Doctor_3912,Male,D012,Psychiatry,MD,3,Morning
DR03913,Doctor_3913,Female,D013,Pulmonology,MBBS,34,Evening
DR03914,Doctor_3914,Male,D014,Gastroenterology,MS,28,Evening
DR03915,Doctor_3915,Male,D015,Emergency,MD,28,Night
DR03916,Doctor_3916,Female,D016,Radiology,MD,10,Night
DR03917,Doctor_3917,Male,D017,ICU,MCh,1,Morning
DR03918,Doctor_3918,Male,D018,Ophthalmology,MCh,12,Evening
DR03919,Doctor_3919,Female,D019,Endocrinology,MBBS,17,Morning
DR03920,Doctor_3920,Male,D020,Dental,MBBS,30,Evening
DR03921,Doctor_3921,Female,D001,Cardiology,MS,9,Night
DR03922,Doctor_3922,Male,D002,Neurology,DM,24,Evening
DR03923,Doctor_3923,Female,D003,Orthopedics,MD,33,Evening
DR03924,Doctor_3924,Female,D004,Pediatrics,MBBS,9,Evening
DR03925,Doctor_3925,Female,D005,Oncology,MCh,28,Morning
DR03926,Doctor_3926,Male,D006,ENT,MCh,16,Morning
DR03927,Doctor_3927,Male,D007,Dermatology,MD,23,Night
DR03928,Doctor_3928,Female,D008,General Surgery,MD,20,Night
DR03929,Doctor_3929,Male,D009,Urology,MBBS,5,Morning
DR03930,Doctor_3930,Female,D010,Nephrology,MD,12,Night
DR03931,Doctor_3931,Male,D011,Gynecology,MS,15,Evening
DR03932,Doctor_3932,Female,D012,Psychiatry,MBBS,15,Evening
DR03933,Doctor_3933,Male,D013,Pulmonology,MS,22,Night
DR03934,Doctor_3934,Female,D014,Gastroenterology,MD,30,Night
DR03935,Doctor_3935,Male,D015,Emergency,MBBS,6,Night
DR03936,Doctor_3936,Female,D016,Radiology,DM,14,Evening
DR03937,Doctor_3937,Female,D017,ICU,DM,35,Evening
DR03938,Doctor_3938,Male,D018,Ophthalmology,MCh,24,Evening
DR03939,Doctor_3939,Female,D019,Endocrinology,MD,19,Night
DR03940,Doctor_3940,Male,D020,Dental,MS,10,Morning
DR03941,Doctor_3941,Male,D001,Cardiology,MS,6,Night
DR03942,Doctor_3942,Male,D002,Neurology,MS,30,Evening
DR03943,Doctor_3943,Female,D003,Orthopedics,MBBS,3,Morning
DR03944,Doctor_3944,Female,D004,Pediatrics,MS,19,Morning
DR03945,Doctor_3945,Female,D005,Oncology,MD,35,Evening
DR03946,Doctor_3946,Male,D006,ENT,MD,31,Evening
DR03947,Doctor_3947,Male,D007,Dermatology,MBBS,26,Night
DR03948,Doctor_3948,Female,D008,General Surgery,DM,6,Night
DR03949,Doctor_3949,Male,D009,Urology,MS,4,Morning
DR03950,Doctor_3950,Male,D010,Nephrology,DM,32,Evening
DR03951,Doctor_3951,Male,D011,Gynecology,MCh,17,Morning
DR03952,Doctor_3952,Female,D012,Psychiatry,DM,20,Night
DR03953,Doctor_3953,Female,D013,Pulmonology,MCh,7,Night
DR03954,Doctor_3954,Male,D014,Gastroenterology,MD,15,Morning
DR03955,Doctor_3955,Male,D015,Emergency,MBBS,20,Night
DR03956,Doctor_3956,Female,D016,Radiology,MD,5,Evening
DR03957,Doctor_3957,Male,D017,ICU,DM,4,Evening
DR03958,Doctor_3958,Male,D018,Ophthalmology,DM,15,Evening
DR03959,Doctor_3959,Female,D019,Endocrinology,MBBS,7,Morning
DR03960,Doctor_3960,Female,D020,Dental,MD,28,Night
DR03961,Doctor_3961,Female,D001,Cardiology,MD,22,Evening
DR03962,Doctor_3962,Male,D002,Neurology,MBBS,35,Evening
DR03963,Doctor_3963,Female,D003,Orthopedics,MCh,35,Night
DR03964,Doctor_3964,Female,D004,Pediatrics,MS,8,Night
DR03965,Doctor_3965,Female,D005,Oncology,MS,27,Morning
DR03966,Doctor_3966,Female,D006,ENT,MS,26,Night
DR03967,Doctor_3967,Female,D007,Dermatology,MS,28,Evening
DR03968,Doctor_3968,Male,D008,General Surgery,MS,7,Morning
DR03969,Doctor_3969,Male,D009,Urology,MCh,4,Night
DR03970,Doctor_3970,Male,D010,Nephrology,MS,27,Morning
DR03971,Doctor_3971,Female,D011,Gynecology,MS,3,Morning
DR03972,Doctor_3972,Female,D012,Psychiatry,MBBS,17,Night
DR03973,Doctor_3973,Female,D013,Pulmonology,MD,14,Evening
DR03974,Doctor_3974,Female,D014,Gastroenterology,DM,27,Night
DR03975,Doctor_3975,Female,D015,Emergency,MD,33,Evening
DR03976,Doctor_3976,Male,D016,Radiology,MD,19,Evening
DR03977,Doctor_3977,Female,D017,ICU,MD,5,Evening
DR03978,Doctor_3978,Female,D018,Ophthalmology,DM,26,Morning
DR03979,Doctor_3979,Female,D019,Endocrinology,MCh,18,Evening
DR03980,Doctor_3980,Male,D020,Dental,MBBS,3,Evening
DR03981,Doctor_3981,Female,D001,Cardiology,DM,17,Evening
DR03982,Doctor_3982,Male,D002,Neurology,DM,13,Morning
DR03983,Doctor_3983,Male,D003,Orthopedics,MCh,34,Evening
DR03984,Doctor_3984,Female,D004,Pediatrics,MBBS,29,Evening
DR03985,Doctor_3985,Male,D005,Oncology,MBBS,30,Morning
DR03986,Doctor_3986,Female,D006,ENT,DM,34,Night
DR03987,Doctor_3987,Female,D007,Dermatology,MD,25,Night
DR03988,Doctor_3988,Male,D008,General Surgery,MBBS,4,Morning
DR03989,Doctor_3989,Female,D009,Urology,MBBS,23,Morning
DR03990,Doctor_3990,Female,D010,Nephrology,DM,11,Morning
DR03991,Doctor_3991,Male,D011,Gynecology,MD,24,Night
DR03992,Doctor_3992,Male,D012,Psychiatry,MD,19,Evening
DR03993,Doctor_3993,Female,D013,Pulmonology,MBBS,23,Night
DR03994,Doctor_3994,Female,D014,Gastroenterology,MS,21,Evening
DR03995,Doctor_3995,Male,D015,Emergency,MCh,33,Morning
DR03996,Doctor_3996,Male,D016,Radiology,MCh,8,Morning
DR03997,Doctor_3997,Male,D017,ICU,MCh,18,Morning
DR03998,Doctor_3998,Male,D018,Ophthalmology,MD,21,Morning
DR03999,Doctor_3999,Female,D019,Endocrinology,MS,1,Evening
DR04000,Doctor_4000,Male,D020,Dental,MS,24,Morning
DR04001,Doctor_4001,Female,D001,Cardiology,MD,13,Evening
DR04002,Doctor_4002,Male,D002,Neurology,MD,10,Night
DR04003,Doctor_4003,Male,D003,Orthopedics,MD,8,Morning
DR04004,Doctor_4004,Female,D004,Pediatrics,MCh,29,Evening
DR04005,Doctor_4005,Female,D005,Oncology,MD,26,Morning
DR04006,Doctor_4006,Male,D006,ENT,MD,10,Night
DR04007,Doctor_4007,Female,D007,Dermatology,DM,20,Morning
DR04008,Doctor_4008,Female,D008,General Surgery,DM,6,Morning
DR04009,Doctor_4009,Male,D009,Urology,MCh,29,Night
DR04010,Doctor_4010,Male,D010,Nephrology,MD,15,Morning
DR04011,Doctor_4011,Male,D011,Gynecology,DM,27,Morning
DR04012,Doctor_4012,Female,D012,Psychiatry,MBBS,29,Morning
DR04013,Doctor_4013,Male,D013,Pulmonology,DM,35,Night
DR04014,Doctor_4014,Female,D014,Gastroenterology,DM,31,Evening
DR04015,Doctor_4015,Male,D015,Emergency,DM,11,Evening
DR04016,Doctor_4016,Male,D016,Radiology,DM,14,Evening
DR04017,Doctor_4017,Male,D017,ICU,MBBS,31,Morning
DR04018,Doctor_4018,Male,D018,Ophthalmology,MS,5,Morning
DR04019,Doctor_4019,Female,D019,Endocrinology,MS,25,Night
DR04020,Doctor_4020,Male,D020,Dental,MD,3,Night
DR04021,Doctor_4021,Male,D001,Cardiology,MD,26,Morning
DR04022,Doctor_4022,Male,D002,Neurology,MCh,1,Morning
DR04023,Doctor_4023,Female,D003,Orthopedics,DM,3,Evening
DR04024,Doctor_4024,Male,D004,Pediatrics,MS,24,Evening
DR04025,Doctor_4025,Female,D005,Oncology,MS,20,Night
DR04026,Doctor_4026,Male,D006,ENT,DM,35,Evening
DR04027,Doctor_4027,Male,D007,Dermatology,MBBS,24,Evening
DR04028,Doctor_4028,Female,D008,General Surgery,DM,25,Morning
DR04029,Doctor_4029,Male,D009,Urology,MBBS,15,Morning
DR04030,Doctor_4030,Male,D010,Nephrology,MD,21,Morning
DR04031,Doctor_4031,Male,D011,Gynecology,MBBS,35,Night
DR04032,Doctor_4032,Female,D012,Psychiatry,MD,13,Night
DR04033,Doctor_4033,Female,D013,Pulmonology,DM,29,Night
DR04034,Doctor_4034,Male,D014,Gastroenterology,DM,1,Evening
DR04035,Doctor_4035,Female,D015,Emergency,MCh,15,Evening
DR04036,Doctor_4036,Female,D016,Radiology,DM,26,Morning
DR04037,Doctor_4037,Male,D017,ICU,MD,6,Evening
DR04038,Doctor_4038,Male,D018,Ophthalmology,DM,14,Evening
DR04039,Doctor_4039,Female,D019,Endocrinology,MS,30,Night
DR04040,Doctor_4040,Female,D020,Dental,MBBS,26,Night
DR04041,Doctor_4041,Female,D001,Cardiology,MD,32,Night
DR04042,Doctor_4042,Male,D002,Neurology,MCh,24,Morning
DR04043,Doctor_4043,Male,D003,Orthopedics,MS,27,Evening
DR04044,Doctor_4044,Male,D004,Pediatrics,MD,29,Morning
DR04045,Doctor_4045,Female,D005,Oncology,DM,30,Night
DR04046,Doctor_4046,Female,D006,ENT,MD,25,Night
DR04047,Doctor_4047,Female,D007,Dermatology,MBBS,20,Morning
DR04048,Doctor_4048,Female,D008,General Surgery,MD,14,Evening
DR04049,Doctor_4049,Female,D009,Urology,MD,5,Evening
DR04050,Doctor_4050,Male,D010,Nephrology,MD,11,Morning
DR04051,Doctor_4051,Male,D011,Gynecology,MS,21,Evening
DR04052,Doctor_4052,Male,D012,Psychiatry,MBBS,34,Night
DR04053,Doctor_4053,Female,D013,Pulmonology,MD,16,Night
DR04054,Doctor_4054,Male,D014,Gastroenterology,MD,23,Night
DR04055,Doctor_4055,Female,D015,Emergency,DM,14,Night
DR04056,Doctor_4056,Male,D016,Radiology,MBBS,11,Night
DR04057,Doctor_4057,Female,D017,ICU,DM,31,Morning
DR04058,Doctor_4058,Male,D018,Ophthalmology,MBBS,2,Evening
DR04059,Doctor_4059,Male,D019,Endocrinology,MS,15,Morning
DR04060,Doctor_4060,Male,D020,Dental,MCh,6,Night
DR04061,Doctor_4061,Female,D001,Cardiology,MD,1,Morning
DR04062,Doctor_4062,Female,D002,Neurology,MCh,26,Night
DR04063,Doctor_4063,Female,D003,Orthopedics,MCh,3,Night
DR04064,Doctor_4064,Female,D004,Pediatrics,MCh,17,Morning
DR04065,Doctor_4065,Male,D005,Oncology,MBBS,23,Evening
DR04066,Doctor_4066,Female,D006,ENT,MD,6,Evening
DR04067,Doctor_4067,Female,D007,Dermatology,MS,30,Evening
DR04068,Doctor_4068,Male,D008,General Surgery,MS,14,Evening
DR04069,Doctor_4069,Male,D009,Urology,DM,6,Evening
DR04070,Doctor_4070,Female,D010,Nephrology,MBBS,11,Night
DR04071,Doctor_4071,Male,D011,Gynecology,DM,14,Morning
DR04072,Doctor_4072,Male,D012,Psychiatry,DM,24,Morning
DR04073,Doctor_4073,Male,D013,Pulmonology,MD,32,Night
DR04074,Doctor_4074,Male,D014,Gastroenterology,MS,15,Morning
DR04075,Doctor_4075,Female,D015,Emergency,MBBS,13,Evening
DR04076,Doctor_4076,Male,D016,Radiology,MS,1,Morning
DR04077,Doctor_4077,Male,D017,ICU,MBBS,35,Evening
DR04078,Doctor_4078,Female,D018,Ophthalmology,DM,32,Morning
DR04079,Doctor_4079,Male,D019,Endocrinology,MS,10,Night
DR04080,Doctor_4080,Female,D020,Dental,MCh,16,Evening
DR04081,Doctor_4081,Female,D001,Cardiology,DM,28,Evening
DR04082,Doctor_4082,Female,D002,Neurology,DM,10,Morning
DR04083,Doctor_4083,Female,D003,Orthopedics,MD,25,Morning
DR04084,Doctor_4084,Male,D004,Pediatrics,MCh,8,Night
DR04085,Doctor_4085,Male,D005,Oncology,MBBS,22,Morning
DR04086,Doctor_4086,Male,D006,ENT,MD,31,Night
DR04087,Doctor_4087,Male,D007,Dermatology,MBBS,29,Night
DR04088,Doctor_4088,Female,D008,General Surgery,MS,9,Morning
DR04089,Doctor_4089,Female,D009,Urology,MCh,13,Night
DR04090,Doctor_4090,Male,D010,Nephrology,MS,30,Morning
DR04091,Doctor_4091,Female,D011,Gynecology,DM,25,Night
DR04092,Doctor_4092,Male,D012,Psychiatry,MCh,7,Night
DR04093,Doctor_4093,Female,D013,Pulmonology,MCh,7,Evening
DR04094,Doctor_4094,Female,D014,Gastroenterology,MD,16,Evening
DR04095,Doctor_4095,Male,D015,Emergency,DM,2,Evening
DR04096,Doctor_4096,Female,D016,Radiology,MCh,18,Morning
DR04097,Doctor_4097,Female,D017,ICU,DM,19,Evening
DR04098,Doctor_4098,Male,D018,Ophthalmology,MD,25,Evening
DR04099,Doctor_4099,Female,D019,Endocrinology,MCh,20,Morning
DR04100,Doctor_4100,Male,D020,Dental,MD,32,Morning
DR04101,Doctor_4101,Male,D001,Cardiology,DM,11,Evening
DR04102,Doctor_4102,Female,D002,Neurology,MD,16,Morning
DR04103,Doctor_4103,Female,D003,Orthopedics,MCh,35,Morning
DR04104,Doctor_4104,Female,D004,Pediatrics,DM,1,Evening
DR04105,Doctor_4105,Male,D005,Oncology,MBBS,23,Evening
DR04106,Doctor_4106,Female,D006,ENT,MD,35,Morning
DR04107,Doctor_4107,Female,D007,Dermatology,MS,14,Evening
DR04108,Doctor_4108,Male,D008,General Surgery,MBBS,4,Evening
DR04109,Doctor_4109,Male,D009,Urology,MD,23,Evening
DR04110,Doctor_4110,Female,D010,Nephrology,MBBS,29,Evening
DR04111,Doctor_4111,Female,D011,Gynecology,MS,21,Evening
DR04112,Doctor_4112,Female,D012,Psychiatry,MCh,8,Evening
DR04113,Doctor_4113,Female,D013,Pulmonology,MCh,34,Night
DR04114,Doctor_4114,Female,D014,Gastroenterology,DM,32,Night
DR04115,Doctor_4115,Male,D015,Emergency,MD,5,Night
DR04116,Doctor_4116,Female,D016,Radiology,MS,1,Evening
DR04117,Doctor_4117,Male,D017,ICU,MD,16,Morning
DR04118,Doctor_4118,Female,D018,Ophthalmology,MCh,4,Evening
DR04119,Doctor_4119,Female,D019,Endocrinology,MBBS,30,Evening
DR04120,Doctor_4120,Male,D020,Dental,MS,15,Evening
DR04121,Doctor_4121,Female,D001,Cardiology,MD,22,Night
DR04122,Doctor_4122,Female,D002,Neurology,MD,20,Evening
DR04123,Doctor_4123,Male,D003,Orthopedics,MS,6,Night
DR04124,Doctor_4124,Male,D004,Pediatrics,MS,6,Morning
DR04125,Doctor_4125,Male,D005,Oncology,MBBS,11,Evening
DR04126,Doctor_4126,Female,D006,ENT,DM,35,Night
DR04127,Doctor_4127,Male,D007,Dermatology,MCh,16,Night
DR04128,Doctor_4128,Male,D008,General Surgery,MCh,31,Evening
DR04129,Doctor_4129,Male,D009,Urology,MCh,18,Morning
DR04130,Doctor_4130,Female,D010,Nephrology,DM,27,Evening
DR04131,Doctor_4131,Female,D011,Gynecology,MS,9,Night
DR04132,Doctor_4132,Female,D012,Psychiatry,MS,27,Evening
DR04133,Doctor_4133,Male,D013,Pulmonology,MS,2,Evening
DR04134,Doctor_4134,Female,D014,Gastroenterology,DM,31,Evening
DR04135,Doctor_4135,Female,D015,Emergency,DM,20,Night
DR04136,Doctor_4136,Male,D016,Radiology,MBBS,4,Night
DR04137,Doctor_4137,Female,D017,ICU,MD,21,Evening
DR04138,Doctor_4138,Female,D018,Ophthalmology,MCh,17,Evening
DR04139,Doctor_4139,Male,D019,Endocrinology,DM,10,Evening
DR04140,Doctor_4140,Female,D020,Dental,MBBS,1,Evening
DR04141,Doctor_4141,Female,D001,Cardiology,DM,18,Evening
DR04142,Doctor_4142,Female,D002,Neurology,MS,8,Night
DR04143,Doctor_4143,Female,D003,Orthopedics,MD,26,Night
DR04144,Doctor_4144,Female,D004,Pediatrics,DM,26,Morning
DR04145,Doctor_4145,Female,D005,Oncology,MS,8,Night
DR04146,Doctor_4146,Male,D006,ENT,MD,22,Morning
DR04147,Doctor_4147,Male,D007,Dermatology,MD,31,Evening
DR04148,Doctor_4148,Female,D008,General Surgery,MCh,33,Night
DR04149,Doctor_4149,Male,D009,Urology,MCh,28,Evening
DR04150,Doctor_4150,Male,D010,Nephrology,DM,23,Morning
DR04151,Doctor_4151,Male,D011,Gynecology,MD,32,Evening
DR04152,Doctor_4152,Female,D012,Psychiatry,DM,32,Evening
DR04153,Doctor_4153,Female,D013,Pulmonology,MBBS,11,Night
DR04154,Doctor_4154,Female,D014,Gastroenterology,DM,8,Evening
DR04155,Doctor_4155,Female,D015,Emergency,MD,34,Morning
DR04156,Doctor_4156,Male,D016,Radiology,MD,35,Night
DR04157,Doctor_4157,Female,D017,ICU,DM,12,Evening
DR04158,Doctor_4158,Male,D018,Ophthalmology,MS,20,Evening
DR04159,Doctor_4159,Male,D019,Endocrinology,MCh,7,Morning
DR04160,Doctor_4160,Male,D020,Dental,MD,20,Morning
DR04161,Doctor_4161,Female,D001,Cardiology,MBBS,7,Night
DR04162,Doctor_4162,Female,D002,Neurology,MCh,9,Night
DR04163,Doctor_4163,Female,D003,Orthopedics,MS,8,Morning
DR04164,Doctor_4164,Male,D004,Pediatrics,MD,35,Evening
DR04165,Doctor_4165,Female,D005,Oncology,MS,22,Evening
DR04166,Doctor_4166,Female,D006,ENT,MCh,26,Night
DR04167,Doctor_4167,Female,D007,Dermatology,DM,32,Night
DR04168,Doctor_4168,Male,D008,General Surgery,MS,4,Morning
DR04169,Doctor_4169,Male,D009,Urology,MCh,26,Night
DR04170,Doctor_4170,Female,D010,Nephrology,MBBS,11,Evening
DR04171,Doctor_4171,Female,D011,Gynecology,MD,6,Morning
DR04172,Doctor_4172,Female,D012,Psychiatry,DM,28,Night
DR04173,Doctor_4173,Male,D013,Pulmonology,MS,16,Morning
DR04174,Doctor_4174,Male,D014,Gastroenterology,MS,34,Evening
DR04175,Doctor_4175,Female,D015,Emergency,MD,17,Night
DR04176,Doctor_4176,Male,D016,Radiology,MD,18,Night
DR04177,Doctor_4177,Female,D017,ICU,MS,4,Evening
DR04178,Doctor_4178,Female,D018,Ophthalmology,MS,5,Morning
DR04179,Doctor_4179,Female,D019,Endocrinology,DM,14,Night
DR04180,Doctor_4180,Female,D020,Dental,MD,22,Morning
DR04181,Doctor_4181,Female,D001,Cardiology,MD,14,Night
DR04182,Doctor_4182,Female,D002,Neurology,MBBS,2,Morning
DR04183,Doctor_4183,Female,D003,Orthopedics,MS,35,Night
DR04184,Doctor_4184,Female,D004,Pediatrics,MBBS,33,Evening
DR04185,Doctor_4185,Male,D005,Oncology,MS,6,Night
DR04186,Doctor_4186,Female,D006,ENT,MBBS,9,Evening
DR04187,Doctor_4187,Female,D007,Dermatology,MBBS,11,Morning
DR04188,Doctor_4188,Female,D008,General Surgery,MD,9,Evening
DR04189,Doctor_4189,Male,D009,Urology,MD,29,Morning
DR04190,Doctor_4190,Male,D010,Nephrology,DM,24,Morning
DR04191,Doctor_4191,Male,D011,Gynecology,DM,3,Evening
DR04192,Doctor_4192,Female,D012,Psychiatry,DM,4,Evening
DR04193,Doctor_4193,Female,D013,Pulmonology,MCh,25,Morning
DR04194,Doctor_4194,Male,D014,Gastroenterology,MCh,25,Morning
DR04195,Doctor_4195,Male,D015,Emergency,MD,9,Evening
DR04196,Doctor_4196,Female,D016,Radiology,MBBS,25,Morning
DR04197,Doctor_4197,Male,D017,ICU,MCh,10,Evening
DR04198,Doctor_4198,Male,D018,Ophthalmology,MBBS,3,Morning
DR04199,Doctor_4199,Male,D019,Endocrinology,MD,25,Morning
DR04200,Doctor_4200,Female,D020,Dental,MS,28,Evening
DR04201,Doctor_4201,Male,D001,Cardiology,MCh,30,Morning
DR04202,Doctor_4202,Male,D002,Neurology,DM,33,Evening
DR04203,Doctor_4203,Male,D003,Orthopedics,MS,33,Morning
DR04204,Doctor_4204,Female,D004,Pediatrics,MS,23,Morning
DR04205,Doctor_4205,Female,D005,Oncology,MS,10,Night
DR04206,Doctor_4206,Male,D006,ENT,MD,16,Night
DR04207,Doctor_4207,Female,D007,Dermatology,MBBS,10,Night
DR04208,Doctor_4208,Male,D008,General Surgery,MS,35,Evening
DR04209,Doctor_4209,Male,D009,Urology,MBBS,6,Night
DR04210,Doctor_4210,Female,D010,Nephrology,MD,15,Morning
DR04211,Doctor_4211,Male,D011,Gynecology,MD,5,Night
DR04212,Doctor_4212,Male,D012,Psychiatry,MD,24,Night
DR04213,Doctor_4213,Male,D013,Pulmonology,MCh,18,Morning
DR04214,Doctor_4214,Male,D014,Gastroenterology,MD,21,Morning
DR04215,Doctor_4215,Female,D015,Emergency,MS,15,Evening
DR04216,Doctor_4216,Female,D016,Radiology,MCh,23,Evening
DR04217,Doctor_4217,Female,D017,ICU,MBBS,21,Night
DR04218,Doctor_4218,Male,D018,Ophthalmology,MS,27,Night
DR04219,Doctor_4219,Male,D019,Endocrinology,MCh,35,Evening
DR04220,Doctor_4220,Female,D020,Dental,DM,4,Night
DR04221,Doctor_4221,Male,D001,Cardiology,MBBS,8,Evening
DR04222,Doctor_4222,Female,D002,Neurology,MCh,25,Night
DR04223,Doctor_4223,Male,D003,Orthopedics,MBBS,8,Morning
DR04224,Doctor_4224,Female,D004,Pediatrics,MD,9,Evening
DR04225,Doctor_4225,Female,D005,Oncology,MBBS,35,Evening
DR04226,Doctor_4226,Male,D006,ENT,MS,16,Night
DR04227,Doctor_4227,Male,D007,Dermatology,MS,6,Night
DR04228,Doctor_4228,Female,D008,General Surgery,MS,16,Morning
DR04229,Doctor_4229,Female,D009,Urology,MS,21,Morning
DR04230,Doctor_4230,Female,D010,Nephrology,MBBS,15,Night
DR04231,Doctor_4231,Female,D011,Gynecology,MBBS,1,Morning
DR04232,Doctor_4232,Female,D012,Psychiatry,MS,9,Night
DR04233,Doctor_4233,Female,D013,Pulmonology,MCh,11,Night
DR04234,Doctor_4234,Male,D014,Gastroenterology,MD,35,Night
DR04235,Doctor_4235,Male,D015,Emergency,MCh,28,Evening
DR04236,Doctor_4236,Female,D016,Radiology,MD,14,Morning
DR04237,Doctor_4237,Female,D017,ICU,MBBS,17,Morning
DR04238,Doctor_4238,Female,D018,Ophthalmology,MBBS,9,Evening
DR04239,Doctor_4239,Male,D019,Endocrinology,MD,30,Morning
DR04240,Doctor_4240,Male,D020,Dental,MD,31,Night
DR04241,Doctor_4241,Female,D001,Cardiology,MBBS,19,Evening
DR04242,Doctor_4242,Female,D002,Neurology,MCh,3,Night
DR04243,Doctor_4243,Female,D003,Orthopedics,DM,24,Night
DR04244,Doctor_4244,Male,D004,Pediatrics,MBBS,16,Night
DR04245,Doctor_4245,Male,D005,Oncology,MD,4,Evening
DR04246,Doctor_4246,Female,D006,ENT,MS,12,Evening
DR04247,Doctor_4247,Female,D007,Dermatology,MD,11,Evening
DR04248,Doctor_4248,Female,D008,General Surgery,MS,8,Night
DR04249,Doctor_4249,Female,D009,Urology,MD,22,Evening
DR04250,Doctor_4250,Male,D010,Nephrology,MCh,27,Evening
DR04251,Doctor_4251,Male,D011,Gynecology,MS,21,Night
DR04252,Doctor_4252,Male,D012,Psychiatry,MBBS,10,Evening
DR04253,Doctor_4253,Male,D013,Pulmonology,MS,16,Night
DR04254,Doctor_4254,Male,D014,Gastroenterology,DM,24,Evening
DR04255,Doctor_4255,Male,D015,Emergency,MCh,23,Night
DR04256,Doctor_4256,Female,D016,Radiology,MBBS,24,Evening
DR04257,Doctor_4257,Female,D017,ICU,MBBS,8,Morning
DR04258,Doctor_4258,Male,D018,Ophthalmology,DM,3,Evening
DR04259,Doctor_4259,Male,D019,Endocrinology,MD,2,Morning
DR04260,Doctor_4260,Male,D020,Dental,MBBS,20,Evening
DR04261,Doctor_4261,Male,D001,Cardiology,MS,33,Evening
DR04262,Doctor_4262,Female,D002,Neurology,MCh,21,Morning
DR04263,Doctor_4263,Male,D003,Orthopedics,MD,5,Evening
DR04264,Doctor_4264,Male,D004,Pediatrics,MD,8,Evening
DR04265,Doctor_4265,Male,D005,Oncology,MD,8,Evening
DR04266,Doctor_4266,Female,D006,ENT,MS,26,Night
DR04267,Doctor_4267,Female,D007,Dermatology,DM,30,Night
DR04268,Doctor_4268,Male,D008,General Surgery,MBBS,13,Evening
DR04269,Doctor_4269,Female,D009,Urology,MS,19,Morning
DR04270,Doctor_4270,Male,D010,Nephrology,MBBS,2,Evening
DR04271,Doctor_4271,Female,D011,Gynecology,MD,17,Morning
DR04272,Doctor_4272,Female,D012,Psychiatry,MS,24,Night
DR04273,Doctor_4273,Female,D013,Pulmonology,DM,26,Night
DR04274,Doctor_4274,Male,D014,Gastroenterology,MS,12,Evening
DR04275,Doctor_4275,Male,D015,Emergency,MBBS,20,Night
DR04276,Doctor_4276,Female,D016,Radiology,MS,5,Evening
DR04277,Doctor_4277,Male,D017,ICU,MD,28,Morning
DR04278,Doctor_4278,Female,D018,Ophthalmology,MS,5,Evening
DR04279,Doctor_4279,Male,D019,Endocrinology,MBBS,15,Morning
DR04280,Doctor_4280,Female,D020,Dental,MS,5,Evening
DR04281,Doctor_4281,Male,D001,Cardiology,MCh,35,Morning
DR04282,Doctor_4282,Male,D002,Neurology,MCh,2,Night
DR04283,Doctor_4283,Female,D003,Orthopedics,MBBS,31,Morning
DR04284,Doctor_4284,Male,D004,Pediatrics,MBBS,15,Evening
DR04285,Doctor_4285,Male,D005,Oncology,MCh,4,Morning
DR04286,Doctor_4286,Male,D006,ENT,MCh,16,Morning
DR04287,Doctor_4287,Male,D007,Dermatology,MCh,23,Evening
DR04288,Doctor_4288,Female,D008,General Surgery,MCh,1,Night
DR04289,Doctor_4289,Female,D009,Urology,MS,32,Night
DR04290,Doctor_4290,Female,D010,Nephrology,DM,15,Morning
DR04291,Doctor_4291,Female,D011,Gynecology,MD,19,Evening
DR04292,Doctor_4292,Male,D012,Psychiatry,MS,16,Morning
DR04293,Doctor_4293,Male,D013,Pulmonology,DM,5,Night
DR04294,Doctor_4294,Female,D014,Gastroenterology,MCh,14,Morning
DR04295,Doctor_4295,Female,D015,Emergency,DM,22,Evening
DR04296,Doctor_4296,Male,D016,Radiology,MBBS,4,Night
DR04297,Doctor_4297,Male,D017,ICU,MD,28,Morning
DR04298,Doctor_4298,Male,D018,Ophthalmology,MCh,15,Evening
DR04299,Doctor_4299,Male,D019,Endocrinology,MS,10,Morning
DR04300,Doctor_4300,Female,D020,Dental,MCh,1,Evening
DR04301,Doctor_4301,Female,D001,Cardiology,MCh,16,Night
DR04302,Doctor_4302,Male,D002,Neurology,MCh,21,Morning
DR04303,Doctor_4303,Male,D003,Orthopedics,DM,15,Evening
DR04304,Doctor_4304,Male,D004,Pediatrics,MS,3,Night
DR04305,Doctor_4305,Male,D005,Oncology,MBBS,35,Morning
DR04306,Doctor_4306,Female,D006,ENT,DM,32,Evening
DR04307,Doctor_4307,Male,D007,Dermatology,MD,10,Morning
DR04308,Doctor_4308,Male,D008,General Surgery,DM,9,Morning
DR04309,Doctor_4309,Male,D009,Urology,MBBS,10,Evening
DR04310,Doctor_4310,Male,D010,Nephrology,MS,27,Morning
DR04311,Doctor_4311,Male,D011,Gynecology,MD,31,Evening
DR04312,Doctor_4312,Female,D012,Psychiatry,DM,5,Evening
DR04313,Doctor_4313,Female,D013,Pulmonology,MCh,5,Night
DR04314,Doctor_4314,Female,D014,Gastroenterology,MCh,17,Evening
DR04315,Doctor_4315,Female,D015,Emergency,MCh,6,Morning
DR04316,Doctor_4316,Female,D016,Radiology,MCh,27,Evening
DR04317,Doctor_4317,Male,D017,ICU,MS,35,Morning
DR04318,Doctor_4318,Male,D018,Ophthalmology,MCh,33,Evening
DR04319,Doctor_4319,Female,D019,Endocrinology,DM,22,Night
DR04320,Doctor_4320,Female,D020,Dental,MD,11,Morning
DR04321,Doctor_4321,Male,D001,Cardiology,DM,11,Morning
DR04322,Doctor_4322,Male,D002,Neurology,DM,9,Night
DR04323,Doctor_4323,Male,D003,Orthopedics,DM,24,Evening
DR04324,Doctor_4324,Female,D004,Pediatrics,MCh,18,Night
DR04325,Doctor_4325,Female,D005,Oncology,MBBS,23,Evening
DR04326,Doctor_4326,Female,D006,ENT,MS,20,Morning
DR04327,Doctor_4327,Male,D007,Dermatology,MCh,33,Night
DR04328,Doctor_4328,Female,D008,General Surgery,MBBS,29,Morning
DR04329,Doctor_4329,Female,D009,Urology,MCh,15,Night
DR04330,Doctor_4330,Male,D010,Nephrology,MBBS,30,Evening
DR04331,Doctor_4331,Female,D011,Gynecology,MD,2,Morning
DR04332,Doctor_4332,Male,D012,Psychiatry,MCh,34,Evening
DR04333,Doctor_4333,Female,D013,Pulmonology,MS,34,Morning
DR04334,Doctor_4334,Female,D014,Gastroenterology,MBBS,14,Morning
DR04335,Doctor_4335,Male,D015,Emergency,DM,24,Night
DR04336,Doctor_4336,Female,D016,Radiology,MCh,17,Evening
DR04337,Doctor_4337,Male,D017,ICU,MD,17,Morning
DR04338,Doctor_4338,Male,D018,Ophthalmology,MBBS,26,Morning
DR04339,Doctor_4339,Female,D019,Endocrinology,DM,26,Morning
DR04340,Doctor_4340,Female,D020,Dental,MBBS,14,Night
DR04341,Doctor_4341,Male,D001,Cardiology,MS,23,Morning
DR04342,Doctor_4342,Male,D002,Neurology,MCh,25,Evening
DR04343,Doctor_4343,Female,D003,Orthopedics,MBBS,21,Night
DR04344,Doctor_4344,Male,D004,Pediatrics,MD,31,Night
DR04345,Doctor_4345,Male,D005,Oncology,MS,9,Night
DR04346,Doctor_4346,Male,D006,ENT,MS,10,Night
DR04347,Doctor_4347,Female,D007,Dermatology,MD,22,Morning
DR04348,Doctor_4348,Female,D008,General Surgery,MD,27,Evening
DR04349,Doctor_4349,Male,D009,Urology,MS,24,Evening
DR04350,Doctor_4350,Female,D010,Nephrology,MCh,15,Night
DR04351,Doctor_4351,Male,D011,Gynecology,MS,24,Night
DR04352,Doctor_4352,Female,D012,Psychiatry,MS,6,Night
DR04353,Doctor_4353,Male,D013,Pulmonology,MD,31,Evening
DR04354,Doctor_4354,Male,D014,Gastroenterology,MD,31,Night
DR04355,Doctor_4355,Female,D015,Emergency,MS,3,Morning
DR04356,Doctor_4356,Female,D016,Radiology,MS,20,Morning
DR04357,Doctor_4357,Female,D017,ICU,DM,31,Night
DR04358,Doctor_4358,Female,D018,Ophthalmology,MS,12,Morning
DR04359,Doctor_4359,Male,D019,Endocrinology,MS,4,Evening
DR04360,Doctor_4360,Female,D020,Dental,MS,18,Morning
DR04361,Doctor_4361,Female,D001,Cardiology,DM,23,Evening
DR04362,Doctor_4362,Male,D002,Neurology,MD,31,Night
DR04363,Doctor_4363,Female,D003,Orthopedics,MCh,30,Night
DR04364,Doctor_4364,Male,D004,Pediatrics,MS,14,Evening
DR04365,Doctor_4365,Male,D005,Oncology,MD,6,Evening
DR04366,Doctor_4366,Female,D006,ENT,MCh,22,Evening
DR04367,Doctor_4367,Female,D007,Dermatology,MCh,29,Night
DR04368,Doctor_4368,Female,D008,General Surgery,MCh,5,Evening
DR04369,Doctor_4369,Female,D009,Urology,MD,33,Morning
DR04370,Doctor_4370,Female,D010,Nephrology,DM,23,Evening
DR04371,Doctor_4371,Female,D011,Gynecology,MBBS,35,Evening
DR04372,Doctor_4372,Female,D012,Psychiatry,MCh,34,Evening
DR04373,Doctor_4373,Female,D013,Pulmonology,MCh,35,Evening
DR04374,Doctor_4374,Male,D014,Gastroenterology,MBBS,1,Morning
DR04375,Doctor_4375,Female,D015,Emergency,MD,7,Evening
DR04376,Doctor_4376,Male,D016,Radiology,MD,17,Evening
DR04377,Doctor_4377,Female,D017,ICU,MS,30,Morning
DR04378,Doctor_4378,Female,D018,Ophthalmology,MBBS,23,Morning
DR04379,Doctor_4379,Male,D019,Endocrinology,MCh,26,Evening
DR04380,Doctor_4380,Male,D020,Dental,DM,8,Evening
DR04381,Doctor_4381,Male,D001,Cardiology,MCh,21,Night
DR04382,Doctor_4382,Female,D002,Neurology,MS,24,Evening
DR04383,Doctor_4383,Female,D003,Orthopedics,MCh,32,Night
DR04384,Doctor_4384,Female,D004,Pediatrics,MS,14,Night
DR04385,Doctor_4385,Female,D005,Oncology,MS,4,Morning
DR04386,Doctor_4386,Male,D006,ENT,MD,24,Night
DR04387,Doctor_4387,Male,D007,Dermatology,MD,9,Morning
DR04388,Doctor_4388,Female,D008,General Surgery,MCh,17,Evening
DR04389,Doctor_4389,Male,D009,Urology,DM,29,Evening
DR04390,Doctor_4390,Female,D010,Nephrology,MCh,25,Night
DR04391,Doctor_4391,Male,D011,Gynecology,MS,18,Night
DR04392,Doctor_4392,Female,D012,Psychiatry,MBBS,19,Night
DR04393,Doctor_4393,Male,D013,Pulmonology,DM,32,Evening
DR04394,Doctor_4394,Male,D014,Gastroenterology,DM,18,Morning
DR04395,Doctor_4395,Female,D015,Emergency,DM,8,Night
DR04396,Doctor_4396,Female,D016,Radiology,MCh,8,Evening
DR04397,Doctor_4397,Male,D017,ICU,MBBS,2,Morning
DR04398,Doctor_4398,Male,D018,Ophthalmology,MS,33,Evening
DR04399,Doctor_4399,Male,D019,Endocrinology,DM,17,Morning
DR04400,Doctor_4400,Female,D020,Dental,MBBS,23,Morning
DR04401,Doctor_4401,Female,D001,Cardiology,DM,27,Evening
DR04402,Doctor_4402,Female,D002,Neurology,MBBS,27,Morning
DR04403,Doctor_4403,Female,D003,Orthopedics,DM,26,Morning
DR04404,Doctor_4404,Male,D004,Pediatrics,MCh,35,Evening
DR04405,Doctor_4405,Male,D005,Oncology,MBBS,7,Morning
DR04406,Doctor_4406,Male,D006,ENT,MD,3,Morning
DR04407,Doctor_4407,Female,D007,Dermatology,DM,15,Morning
DR04408,Doctor_4408,Female,D008,General Surgery,MS,32,Morning
DR04409,Doctor_4409,Female,D009,Urology,MBBS,20,Morning
DR04410,Doctor_4410,Male,D010,Nephrology,MCh,25,Evening
DR04411,Doctor_4411,Male,D011,Gynecology,MD,34,Evening
DR04412,Doctor_4412,Female,D012,Psychiatry,MCh,23,Evening
DR04413,Doctor_4413,Female,D013,Pulmonology,MCh,26,Night
DR04414,Doctor_4414,Male,D014,Gastroenterology,MBBS,8,Night
DR04415,Doctor_4415,Female,D015,Emergency,MBBS,6,Night
DR04416,Doctor_4416,Female,D016,Radiology,MS,6,Evening
DR04417,Doctor_4417,Male,D017,ICU,MS,34,Morning
DR04418,Doctor_4418,Male,D018,Ophthalmology,MBBS,2,Night
DR04419,Doctor_4419,Male,D019,Endocrinology,MCh,29,Morning
DR04420,Doctor_4420,Female,D020,Dental,MBBS,23,Night
DR04421,Doctor_4421,Female,D001,Cardiology,MBBS,11,Evening
DR04422,Doctor_4422,Male,D002,Neurology,MCh,25,Evening
DR04423,Doctor_4423,Female,D003,Orthopedics,MBBS,31,Morning
DR04424,Doctor_4424,Male,D004,Pediatrics,DM,30,Morning
DR04425,Doctor_4425,Male,D005,Oncology,DM,13,Evening
DR04426,Doctor_4426,Male,D006,ENT,MD,27,Night
DR04427,Doctor_4427,Female,D007,Dermatology,MCh,3,Morning
DR04428,Doctor_4428,Male,D008,General Surgery,MBBS,16,Morning
DR04429,Doctor_4429,Female,D009,Urology,MD,4,Morning
DR04430,Doctor_4430,Female,D010,Nephrology,MBBS,19,Morning
DR04431,Doctor_4431,Female,D011,Gynecology,MD,18,Evening
DR04432,Doctor_4432,Female,D012,Psychiatry,MS,9,Evening
DR04433,Doctor_4433,Female,D013,Pulmonology,MCh,18,Morning
DR04434,Doctor_4434,Female,D014,Gastroenterology,DM,1,Evening
DR04435,Doctor_4435,Female,D015,Emergency,MBBS,20,Evening
DR04436,Doctor_4436,Male,D016,Radiology,MD,26,Morning
DR04437,Doctor_4437,Female,D017,ICU,MCh,33,Morning
DR04438,Doctor_4438,Female,D018,Ophthalmology,MCh,18,Morning
DR04439,Doctor_4439,Male,D019,Endocrinology,DM,16,Morning
DR04440,Doctor_4440,Male,D020,Dental,MCh,7,Night
DR04441,Doctor_4441,Male,D001,Cardiology,MBBS,16,Evening
DR04442,Doctor_4442,Female,D002,Neurology,DM,16,Night
DR04443,Doctor_4443,Male,D003,Orthopedics,DM,23,Evening
DR04444,Doctor_4444,Male,D004,Pediatrics,MD,29,Morning
DR04445,Doctor_4445,Female,D005,Oncology,MD,9,Morning
DR04446,Doctor_4446,Female,D006,ENT,MS,22,Evening
DR04447,Doctor_4447,Male,D007,Dermatology,MS,12,Evening
DR04448,Doctor_4448,Male,D008,General Surgery,MCh,8,Night
DR04449,Doctor_4449,Male,D009,Urology,MBBS,22,Evening
DR04450,Doctor_4450,Female,D010,Nephrology,MD,13,Morning
DR04451,Doctor_4451,Male,D011,Gynecology,MCh,25,Morning
DR04452,Doctor_4452,Male,D012,Psychiatry,DM,29,Night
DR04453,Doctor_4453,Female,D013,Pulmonology,DM,20,Evening
DR04454,Doctor_4454,Male,D014,Gastroenterology,MS,9,Night
DR04455,Doctor_4455,Female,D015,Emergency,DM,27,Evening
DR04456,Doctor_4456,Male,D016,Radiology,MS,20,Evening
DR04457,Doctor_4457,Male,D017,ICU,MBBS,6,Evening
DR04458,Doctor_4458,Male,D018,Ophthalmology,MBBS,9,Evening
DR04459,Doctor_4459,Male,D019,Endocrinology,MS,28,Morning
DR04460,Doctor_4460,Female,D020,Dental,MD,27,Evening
DR04461,Doctor_4461,Female,D001,Cardiology,MCh,28,Evening
DR04462,Doctor_4462,Female,D002,Neurology,MCh,33,Morning
DR04463,Doctor_4463,Female,D003,Orthopedics,MBBS,2,Night
DR04464,Doctor_4464,Female,D004,Pediatrics,MD,28,Evening
DR04465,Doctor_4465,Male,D005,Oncology,MS,35,Night
DR04466,Doctor_4466,Male,D006,ENT,MD,12,Night
DR04467,Doctor_4467,Male,D007,Dermatology,MBBS,4,Night
DR04468,Doctor_4468,Male,D008,General Surgery,MCh,21,Night
DR04469,Doctor_4469,Male,D009,Urology,MD,31,Evening
DR04470,Doctor_4470,Male,D010,Nephrology,DM,11,Evening
DR04471,Doctor_4471,Male,D011,Gynecology,MS,8,Evening
DR04472,Doctor_4472,Male,D012,Psychiatry,MS,15,Night
DR04473,Doctor_4473,Female,D013,Pulmonology,MCh,33,Night
DR04474,Doctor_4474,Male,D014,Gastroenterology,DM,35,Night
DR04475,Doctor_4475,Female,D015,Emergency,MS,24,Evening
DR04476,Doctor_4476,Male,D016,Radiology,MCh,15,Night
DR04477,Doctor_4477,Female,D017,ICU,DM,34,Morning
DR04478,Doctor_4478,Male,D018,Ophthalmology,MBBS,3,Morning
DR04479,Doctor_4479,Male,D019,Endocrinology,MS,3,Night
DR04480,Doctor_4480,Male,D020,Dental,MD,25,Night
DR04481,Doctor_4481,Male,D001,Cardiology,DM,15,Night
DR04482,Doctor_4482,Female,D002,Neurology,MS,4,Evening
DR04483,Doctor_4483,Female,D003,Orthopedics,MBBS,9,Evening
DR04484,Doctor_4484,Female,D004,Pediatrics,DM,3,Evening
DR04485,Doctor_4485,Male,D005,Oncology,DM,8,Night
DR04486,Doctor_4486,Male,D006,ENT,MCh,20,Evening
DR04487,Doctor_4487,Female,D007,Dermatology,MS,30,Evening
DR04488,Doctor_4488,Female,D008,General Surgery,DM,30,Night
DR04489,Doctor_4489,Male,D009,Urology,MBBS,35,Morning
DR04490,Doctor_4490,Male,D010,Nephrology,MCh,23,Night
DR04491,Doctor_4491,Female,D011,Gynecology,MCh,25,Night
DR04492,Doctor_4492,Female,D012,Psychiatry,MS,1,Morning
DR04493,Doctor_4493,Female,D013,Pulmonology,MBBS,6,Night
DR04494,Doctor_4494,Female,D014,Gastroenterology,MD,18,Evening
DR04495,Doctor_4495,Female,D015,Emergency,MD,30,Evening
DR04496,Doctor_4496,Male,D016,Radiology,DM,10,Night
DR04497,Doctor_4497,Female,D017,ICU,MD,5,Morning
DR04498,Doctor_4498,Male,D018,Ophthalmology,MBBS,26,Morning
DR04499,Doctor_4499,Male,D019,Endocrinology,MS,32,Evening
DR04500,Doctor_4500,Male,D020,Dental,MBBS,8,Morning
DR04501,Doctor_4501,Male,D001,Cardiology,MCh,25,Night
DR04502,Doctor_4502,Male,D002,Neurology,DM,17,Morning
DR04503,Doctor_4503,Female,D003,Orthopedics,DM,7,Evening
DR04504,Doctor_4504,Male,D004,Pediatrics,DM,30,Evening
DR04505,Doctor_4505,Female,D005,Oncology,MD,28,Morning
DR04506,Doctor_4506,Female,D006,ENT,DM,34,Evening
DR04507,Doctor_4507,Female,D007,Dermatology,MCh,27,Evening
DR04508,Doctor_4508,Female,D008,General Surgery,MBBS,32,Night
DR04509,Doctor_4509,Male,D009,Urology,MCh,27,Morning
DR04510,Doctor_4510,Female,D010,Nephrology,MD,8,Evening
DR04511,Doctor_4511,Male,D011,Gynecology,MCh,29,Morning
DR04512,Doctor_4512,Male,D012,Psychiatry,MBBS,10,Morning
DR04513,Doctor_4513,Male,D013,Pulmonology,MCh,15,Morning
DR04514,Doctor_4514,Male,D014,Gastroenterology,MCh,23,Evening
DR04515,Doctor_4515,Male,D015,Emergency,MD,21,Evening
DR04516,Doctor_4516,Male,D016,Radiology,DM,2,Night
DR04517,Doctor_4517,Female,D017,ICU,MD,8,Evening
DR04518,Doctor_4518,Female,D018,Ophthalmology,MBBS,16,Morning
DR04519,Doctor_4519,Female,D019,Endocrinology,MS,17,Morning
DR04520,Doctor_4520,Female,D020,Dental,MD,4,Night
DR04521,Doctor_4521,Male,D001,Cardiology,DM,21,Morning
DR04522,Doctor_4522,Male,D002,Neurology,MBBS,8,Night
DR04523,Doctor_4523,Female,D003,Orthopedics,MBBS,12,Morning
DR04524,Doctor_4524,Male,D004,Pediatrics,DM,5,Morning
DR04525,Doctor_4525,Female,D005,Oncology,MS,35,Morning
DR04526,Doctor_4526,Female,D006,ENT,DM,2,Night
DR04527,Doctor_4527,Female,D007,Dermatology,MD,4,Evening
DR04528,Doctor_4528,Female,D008,General Surgery,MS,25,Morning
DR04529,Doctor_4529,Male,D009,Urology,DM,9,Evening
DR04530,Doctor_4530,Female,D010,Nephrology,DM,18,Morning
DR04531,Doctor_4531,Male,D011,Gynecology,MCh,12,Morning
DR04532,Doctor_4532,Male,D012,Psychiatry,MS,25,Evening
DR04533,Doctor_4533,Male,D013,Pulmonology,MBBS,10,Morning
DR04534,Doctor_4534,Female,D014,Gastroenterology,MS,25,Night
DR04535,Doctor_4535,Male,D015,Emergency,MS,31,Night
DR04536,Doctor_4536,Male,D016,Radiology,DM,2,Evening
DR04537,Doctor_4537,Male,D017,ICU,MBBS,29,Evening
DR04538,Doctor_4538,Male,D018,Ophthalmology,MBBS,11,Morning
DR04539,Doctor_4539,Female,D019,Endocrinology,MBBS,9,Morning
DR04540,Doctor_4540,Female,D020,Dental,MCh,26,Night
DR04541,Doctor_4541,Male,D001,Cardiology,MS,34,Evening
DR04542,Doctor_4542,Female,D002,Neurology,MCh,6,Morning
DR04543,Doctor_4543,Female,D003,Orthopedics,MBBS,5,Morning
DR04544,Doctor_4544,Female,D004,Pediatrics,MS,8,Evening
DR04545,Doctor_4545,Female,D005,Oncology,MCh,11,Morning
DR04546,Doctor_4546,Female,D006,ENT,MS,25,Evening
DR04547,Doctor_4547,Male,D007,Dermatology,MD,9,Night
DR04548,Doctor_4548,Female,D008,General Surgery,MCh,31,Evening
DR04549,Doctor_4549,Female,D009,Urology,MD,4,Morning
DR04550,Doctor_4550,Male,D010,Nephrology,MCh,31,Night
DR04551,Doctor_4551,Male,D011,Gynecology,MD,13,Morning
DR04552,Doctor_4552,Female,D012,Psychiatry,MD,3,Night
DR04553,Doctor_4553,Female,D013,Pulmonology,MD,19,Evening
DR04554,Doctor_4554,Female,D014,Gastroenterology,MCh,5,Evening
DR04555,Doctor_4555,Male,D015,Emergency,MS,25,Morning
DR04556,Doctor_4556,Female,D016,Radiology,MCh,30,Evening
DR04557,Doctor_4557,Female,D017,ICU,DM,24,Evening
DR04558,Doctor_4558,Male,D018,Ophthalmology,DM,11,Night
DR04559,Doctor_4559,Male,D019,Endocrinology,MBBS,18,Night
DR04560,Doctor_4560,Male,D020,Dental,MD,28,Night
DR04561,Doctor_4561,Female,D001,Cardiology,MCh,32,Evening
DR04562,Doctor_4562,Female,D002,Neurology,MBBS,23,Morning
DR04563,Doctor_4563,Male,D003,Orthopedics,DM,2,Morning
DR04564,Doctor_4564,Female,D004,Pediatrics,MBBS,12,Night
DR04565,Doctor_4565,Male,D005,Oncology,MCh,24,Morning
DR04566,Doctor_4566,Female,D006,ENT,DM,20,Night
DR04567,Doctor_4567,Male,D007,Dermatology,MCh,27,Evening
DR04568,Doctor_4568,Female,D008,General Surgery,MBBS,17,Evening
DR04569,Doctor_4569,Male,D009,Urology,MCh,28,Evening
DR04570,Doctor_4570,Male,D010,Nephrology,DM,20,Night
DR04571,Doctor_4571,Female,D011,Gynecology,MCh,22,Night
DR04572,Doctor_4572,Female,D012,Psychiatry,MCh,17,Morning
DR04573,Doctor_4573,Female,D013,Pulmonology,MBBS,19,Night
DR04574,Doctor_4574,Female,D014,Gastroenterology,DM,35,Morning
DR04575,Doctor_4575,Male,D015,Emergency,MCh,10,Night
DR04576,Doctor_4576,Male,D016,Radiology,MS,16,Morning
DR04577,Doctor_4577,Male,D017,ICU,MCh,33,Morning
DR04578,Doctor_4578,Female,D018,Ophthalmology,MCh,24,Morning
DR04579,Doctor_4579,Female,D019,Endocrinology,MBBS,16,Night
DR04580,Doctor_4580,Male,D020,Dental,MD,32,Morning
DR04581,Doctor_4581,Female,D001,Cardiology,MD,14,Morning
DR04582,Doctor_4582,Female,D002,Neurology,DM,32,Night
DR04583,Doctor_4583,Male,D003,Orthopedics,MD,27,Night
DR04584,Doctor_4584,Male,D004,Pediatrics,DM,4,Morning
DR04585,Doctor_4585,Male,D005,Oncology,MCh,31,Evening
DR04586,Doctor_4586,Female,D006,ENT,MBBS,15,Evening
DR04587,Doctor_4587,Male,D007,Dermatology,MD,13,Morning
DR04588,Doctor_4588,Male,D008,General Surgery,DM,35,Night
DR04589,Doctor_4589,Male,D009,Urology,MCh,24,Evening
DR04590,Doctor_4590,Female,D010,Nephrology,MCh,31,Morning
DR04591,Doctor_4591,Female,D011,Gynecology,DM,23,Evening
DR04592,Doctor_4592,Female,D012,Psychiatry,MCh,10,Night
DR04593,Doctor_4593,Female,D013,Pulmonology,MBBS,22,Night
DR04594,Doctor_4594,Male,D014,Gastroenterology,MS,20,Night
DR04595,Doctor_4595,Male,D015,Emergency,DM,35,Morning
DR04596,Doctor_4596,Male,D016,Radiology,MS,13,Morning
DR04597,Doctor_4597,Female,D017,ICU,DM,15,Evening
DR04598,Doctor_4598,Female,D018,Ophthalmology,MBBS,4,Night
DR04599,Doctor_4599,Female,D019,Endocrinology,DM,19,Morning
DR04600,Doctor_4600,Male,D020,Dental,MCh,1,Evening
DR04601,Doctor_4601,Female,D001,Cardiology,MCh,19,Morning
DR04602,Doctor_4602,Female,D002,Neurology,MS,25,Morning
DR04603,Doctor_4603,Male,D003,Orthopedics,MD,3,Evening
DR04604,Doctor_4604,Female,D004,Pediatrics,MD,4,Night
DR04605,Doctor_4605,Male,D005,Oncology,MBBS,13,Morning
DR04606,Doctor_4606,Female,D006,ENT,MD,11,Morning
DR04607,Doctor_4607,Female,D007,Dermatology,MS,29,Morning
DR04608,Doctor_4608,Female,D008,General Surgery,MBBS,2,Morning
DR04609,Doctor_4609,Male,D009,Urology,MCh,35,Night
DR04610,Doctor_4610,Female,D010,Nephrology,MD,29,Night
DR04611,Doctor_4611,Male,D011,Gynecology,MBBS,30,Night
DR04612,Doctor_4612,Male,D012,Psychiatry,DM,1,Evening
DR04613,Doctor_4613,Female,D013,Pulmonology,DM,13,Morning
DR04614,Doctor_4614,Male,D014,Gastroenterology,MCh,3,Evening
DR04615,Doctor_4615,Female,D015,Emergency,MS,25,Evening
DR04616,Doctor_4616,Female,D016,Radiology,MS,24,Morning
DR04617,Doctor_4617,Male,D017,ICU,MS,1,Night
DR04618,Doctor_4618,Female,D018,Ophthalmology,MBBS,14,Evening
DR04619,Doctor_4619,Male,D019,Endocrinology,MS,20,Morning
DR04620,Doctor_4620,Male,D020,Dental,DM,21,Night
DR04621,Doctor_4621,Male,D001,Cardiology,MBBS,12,Morning
DR04622,Doctor_4622,Female,D002,Neurology,MS,29,Morning
DR04623,Doctor_4623,Female,D003,Orthopedics,MBBS,27,Morning
DR04624,Doctor_4624,Female,D004,Pediatrics,DM,19,Night
DR04625,Doctor_4625,Female,D005,Oncology,MCh,10,Evening
DR04626,Doctor_4626,Female,D006,ENT,MD,21,Morning
DR04627,Doctor_4627,Female,D007,Dermatology,MS,32,Night
DR04628,Doctor_4628,Female,D008,General Surgery,MD,29,Night
DR04629,Doctor_4629,Male,D009,Urology,MBBS,34,Morning
DR04630,Doctor_4630,Female,D010,Nephrology,MS,16,Evening
DR04631,Doctor_4631,Male,D011,Gynecology,MCh,26,Night
DR04632,Doctor_4632,Female,D012,Psychiatry,MD,12,Morning
DR04633,Doctor_4633,Female,D013,Pulmonology,DM,19,Night
DR04634,Doctor_4634,Male,D014,Gastroenterology,MS,28,Night
DR04635,Doctor_4635,Male,D015,Emergency,MBBS,14,Morning
DR04636,Doctor_4636,Female,D016,Radiology,DM,13,Evening
DR04637,Doctor_4637,Male,D017,ICU,MS,11,Night
DR04638,Doctor_4638,Male,D018,Ophthalmology,MBBS,9,Night
DR04639,Doctor_4639,Male,D019,Endocrinology,DM,24,Night
DR04640,Doctor_4640,Male,D020,Dental,MS,34,Morning
DR04641,Doctor_4641,Male,D001,Cardiology,MD,19,Evening
DR04642,Doctor_4642,Male,D002,Neurology,MS,14,Night
DR04643,Doctor_4643,Female,D003,Orthopedics,MBBS,13,Morning
DR04644,Doctor_4644,Female,D004,Pediatrics,MCh,17,Morning
DR04645,Doctor_4645,Male,D005,Oncology,MBBS,17,Night
DR04646,Doctor_4646,Male,D006,ENT,MBBS,29,Night
DR04647,Doctor_4647,Male,D007,Dermatology,MCh,11,Evening
DR04648,Doctor_4648,Male,D008,General Surgery,MS,7,Evening
DR04649,Doctor_4649,Female,D009,Urology,MS,3,Morning
DR04650,Doctor_4650,Male,D010,Nephrology,MD,32,Morning
DR04651,Doctor_4651,Male,D011,Gynecology,MS,28,Morning
DR04652,Doctor_4652,Female,D012,Psychiatry,MBBS,16,Evening
DR04653,Doctor_4653,Female,D013,Pulmonology,MS,4,Night
DR04654,Doctor_4654,Female,D014,Gastroenterology,MBBS,33,Night
DR04655,Doctor_4655,Male,D015,Emergency,MBBS,14,Night
DR04656,Doctor_4656,Male,D016,Radiology,MCh,11,Evening
DR04657,Doctor_4657,Male,D017,ICU,DM,15,Evening
DR04658,Doctor_4658,Female,D018,Ophthalmology,MBBS,35,Morning
DR04659,Doctor_4659,Male,D019,Endocrinology,MBBS,16,Night
DR04660,Doctor_4660,Male,D020,Dental,DM,23,Night
DR04661,Doctor_4661,Male,D001,Cardiology,DM,27,Night
DR04662,Doctor_4662,Male,D002,Neurology,MBBS,24,Morning
DR04663,Doctor_4663,Male,D003,Orthopedics,MD,15,Evening
DR04664,Doctor_4664,Female,D004,Pediatrics,DM,10,Morning
DR04665,Doctor_4665,Female,D005,Oncology,MS,9,Morning
DR04666,Doctor_4666,Female,D006,ENT,MS,4,Morning
DR04667,Doctor_4667,Female,D007,Dermatology,MS,1,Night
DR04668,Doctor_4668,Male,D008,General Surgery,MS,35,Evening
DR04669,Doctor_4669,Female,D009,Urology,MD,1,Morning
DR04670,Doctor_4670,Male,D010,Nephrology,DM,16,Night
DR04671,Doctor_4671,Female,D011,Gynecology,MBBS,12,Evening
DR04672,Doctor_4672,Male,D012,Psychiatry,MBBS,23,Night
DR04673,Doctor_4673,Female,D013,Pulmonology,MCh,17,Night
DR04674,Doctor_4674,Male,D014,Gastroenterology,MBBS,11,Morning
DR04675,Doctor_4675,Female,D015,Emergency,MCh,20,Evening
DR04676,Doctor_4676,Female,D016,Radiology,MBBS,33,Night
DR04677,Doctor_4677,Male,D017,ICU,DM,12,Morning
DR04678,Doctor_4678,Female,D018,Ophthalmology,MCh,23,Morning
DR04679,Doctor_4679,Female,D019,Endocrinology,MD,11,Morning
DR04680,Doctor_4680,Male,D020,Dental,MD,27,Night
DR04681,Doctor_4681,Female,D001,Cardiology,MS,32,Morning
DR04682,Doctor_4682,Female,D002,Neurology,DM,12,Morning
DR04683,Doctor_4683,Female,D003,Orthopedics,MCh,21,Night
DR04684,Doctor_4684,Female,D004,Pediatrics,MBBS,11,Night
DR04685,Doctor_4685,Female,D005,Oncology,MCh,19,Morning
DR04686,Doctor_4686,Female,D006,ENT,MD,30,Evening
DR04687,Doctor_4687,Female,D007,Dermatology,DM,1,Evening
DR04688,Doctor_4688,Female,D008,General Surgery,DM,11,Evening
DR04689,Doctor_4689,Female,D009,Urology,MS,35,Night
DR04690,Doctor_4690,Female,D010,Nephrology,DM,12,Morning
DR04691,Doctor_4691,Female,D011,Gynecology,MBBS,2,Evening
DR04692,Doctor_4692,Female,D012,Psychiatry,DM,14,Evening
DR04693,Doctor_4693,Female,D013,Pulmonology,MCh,9,Night
DR04694,Doctor_4694,Male,D014,Gastroenterology,MBBS,35,Morning
DR04695,Doctor_4695,Female,D015,Emergency,MS,2,Night
DR04696,Doctor_4696,Female,D016,Radiology,MCh,28,Night
DR04697,Doctor_4697,Female,D017,ICU,MD,35,Night
DR04698,Doctor_4698,Male,D018,Ophthalmology,MCh,20,Morning
DR04699,Doctor_4699,Female,D019,Endocrinology,MBBS,31,Morning
DR04700,Doctor_4700,Female,D020,Dental,DM,14,Morning
DR04701,Doctor_4701,Female,D001,Cardiology,DM,28,Evening
DR04702,Doctor_4702,Male,D002,Neurology,DM,31,Night
DR04703,Doctor_4703,Male,D003,Orthopedics,MBBS,5,Night
DR04704,Doctor_4704,Male,D004,Pediatrics,MBBS,5,Night
DR04705,Doctor_4705,Female,D005,Oncology,DM,1,Night
DR04706,Doctor_4706,Female,D006,ENT,DM,12,Night
DR04707,Doctor_4707,Male,D007,Dermatology,DM,31,Morning
DR04708,Doctor_4708,Male,D008,General Surgery,MS,21,Evening
DR04709,Doctor_4709,Male,D009,Urology,MD,21,Evening
DR04710,Doctor_4710,Male,D010,Nephrology,MBBS,30,Evening
DR04711,Doctor_4711,Male,D011,Gynecology,MBBS,4,Evening
DR04712,Doctor_4712,Female,D012,Psychiatry,MCh,25,Evening
DR04713,Doctor_4713,Female,D013,Pulmonology,MBBS,8,Night
DR04714,Doctor_4714,Male,D014,Gastroenterology,MD,33,Night
DR04715,Doctor_4715,Female,D015,Emergency,MCh,14,Morning
DR04716,Doctor_4716,Male,D016,Radiology,MD,6,Night
DR04717,Doctor_4717,Female,D017,ICU,MCh,34,Night
DR04718,Doctor_4718,Male,D018,Ophthalmology,MS,30,Morning
DR04719,Doctor_4719,Male,D019,Endocrinology,DM,17,Evening
DR04720,Doctor_4720,Female,D020,Dental,MD,18,Morning
DR04721,Doctor_4721,Female,D001,Cardiology,MS,5,Evening
DR04722,Doctor_4722,Male,D002,Neurology,MS,33,Morning
DR04723,Doctor_4723,Female,D003,Orthopedics,MCh,17,Night
DR04724,Doctor_4724,Female,D004,Pediatrics,MCh,23,Evening
DR04725,Doctor_4725,Female,D005,Oncology,MBBS,25,Evening
DR04726,Doctor_4726,Female,D006,ENT,MBBS,35,Night
DR04727,Doctor_4727,Female,D007,Dermatology,MS,25,Night
DR04728,Doctor_4728,Male,D008,General Surgery,MD,3,Evening
DR04729,Doctor_4729,Male,D009,Urology,MCh,21,Evening
DR04730,Doctor_4730,Female,D010,Nephrology,MS,12,Night
DR04731,Doctor_4731,Male,D011,Gynecology,MCh,17,Night
DR04732,Doctor_4732,Male,D012,Psychiatry,MCh,21,Morning
DR04733,Doctor_4733,Male,D013,Pulmonology,MS,23,Evening
DR04734,Doctor_4734,Female,D014,Gastroenterology,MD,1,Evening
DR04735,Doctor_4735,Female,D015,Emergency,MBBS,27,Night
DR04736,Doctor_4736,Male,D016,Radiology,MS,26,Evening
DR04737,Doctor_4737,Female,D017,ICU,MS,5,Night
DR04738,Doctor_4738,Female,D018,Ophthalmology,MS,17,Night
DR04739,Doctor_4739,Male,D019,Endocrinology,MD,23,Evening
DR04740,Doctor_4740,Female,D020,Dental,MCh,14,Night
DR04741,Doctor_4741,Female,D001,Cardiology,MCh,31,Night
DR04742,Doctor_4742,Female,D002,Neurology,MBBS,13,Night
DR04743,Doctor_4743,Male,D003,Orthopedics,MS,8,Morning
DR04744,Doctor_4744,Male,D004,Pediatrics,MS,31,Evening
DR04745,Doctor_4745,Male,D005,Oncology,MCh,21,Morning
DR04746,Doctor_4746,Female,D006,ENT,DM,15,Morning
DR04747,Doctor_4747,Male,D007,Dermatology,MCh,28,Evening
DR04748,Doctor_4748,Male,D008,General Surgery,MCh,5,Morning
DR04749,Doctor_4749,Male,D009,Urology,MS,21,Night
DR04750,Doctor_4750,Female,D010,Nephrology,MD,32,Night
DR04751,Doctor_4751,Female,D011,Gynecology,MS,6,Evening
DR04752,Doctor_4752,Male,D012,Psychiatry,MD,5,Evening
DR04753,Doctor_4753,Female,D013,Pulmonology,MS,34,Night
DR04754,Doctor_4754,Male,D014,Gastroenterology,MD,29,Night
DR04755,Doctor_4755,Female,D015,Emergency,MCh,25,Morning
DR04756,Doctor_4756,Female,D016,Radiology,MBBS,3,Evening
DR04757,Doctor_4757,Female,D017,ICU,MS,14,Evening
DR04758,Doctor_4758,Female,D018,Ophthalmology,MBBS,23,Night
DR04759,Doctor_4759,Female,D019,Endocrinology,MBBS,20,Morning
DR04760,Doctor_4760,Female,D020,Dental,MS,20,Evening
DR04761,Doctor_4761,Male,D001,Cardiology,MCh,23,Morning
DR04762,Doctor_4762,Female,D002,Neurology,MS,11,Morning
DR04763,Doctor_4763,Male,D003,Orthopedics,MCh,31,Morning
DR04764,Doctor_4764,Female,D004,Pediatrics,MD,19,Morning
DR04765,Doctor_4765,Male,D005,Oncology,DM,14,Evening
DR04766,Doctor_4766,Female,D006,ENT,MD,18,Evening
DR04767,Doctor_4767,Female,D007,Dermatology,MCh,21,Evening
DR04768,Doctor_4768,Male,D008,General Surgery,MBBS,24,Night
DR04769,Doctor_4769,Female,D009,Urology,DM,28,Night
DR04770,Doctor_4770,Female,D010,Nephrology,MD,10,Evening
DR04771,Doctor_4771,Female,D011,Gynecology,MD,14,Morning
DR04772,Doctor_4772,Female,D012,Psychiatry,MS,32,Evening
DR04773,Doctor_4773,Female,D013,Pulmonology,MCh,10,Evening
DR04774,Doctor_4774,Male,D014,Gastroenterology,MBBS,6,Morning
DR04775,Doctor_4775,Female,D015,Emergency,MCh,23,Night
DR04776,Doctor_4776,Female,D016,Radiology,MBBS,34,Morning
DR04777,Doctor_4777,Male,D017,ICU,DM,15,Morning
DR04778,Doctor_4778,Male,D018,Ophthalmology,MS,32,Night
DR04779,Doctor_4779,Male,D019,Endocrinology,MCh,12,Night
DR04780,Doctor_4780,Female,D020,Dental,MS,25,Evening
DR04781,Doctor_4781,Female,D001,Cardiology,MD,16,Evening
DR04782,Doctor_4782,Female,D002,Neurology,MCh,34,Night
DR04783,Doctor_4783,Male,D003,Orthopedics,MS,11,Night
DR04784,Doctor_4784,Female,D004,Pediatrics,MBBS,22,Night
DR04785,Doctor_4785,Female,D005,Oncology,DM,17,Night
DR04786,Doctor_4786,Male,D006,ENT,DM,20,Morning
DR04787,Doctor_4787,Female,D007,Dermatology,MS,9,Morning
DR04788,Doctor_4788,Male,D008,General Surgery,MS,32,Night
DR04789,Doctor_4789,Female,D009,Urology,MS,7,Night
DR04790,Doctor_4790,Male,D010,Nephrology,MD,21,Night
DR04791,Doctor_4791,Female,D011,Gynecology,MS,16,Morning
DR04792,Doctor_4792,Male,D012,Psychiatry,MD,3,Night
DR04793,Doctor_4793,Female,D013,Pulmonology,DM,1,Night
DR04794,Doctor_4794,Female,D014,Gastroenterology,MCh,34,Night
DR04795,Doctor_4795,Male,D015,Emergency,MD,3,Morning
DR04796,Doctor_4796,Female,D016,Radiology,MBBS,31,Evening
DR04797,Doctor_4797,Male,D017,ICU,MD,35,Morning
DR04798,Doctor_4798,Female,D018,Ophthalmology,MBBS,22,Evening
DR04799,Doctor_4799,Female,D019,Endocrinology,MCh,19,Morning
DR04800,Doctor_4800,Female,D020,Dental,MD,20,Morning
DR04801,Doctor_4801,Male,D001,Cardiology,MBBS,33,Evening
DR04802,Doctor_4802,Female,D002,Neurology,DM,20,Morning
DR04803,Doctor_4803,Female,D003,Orthopedics,MCh,24,Evening
DR04804,Doctor_4804,Male,D004,Pediatrics,MBBS,13,Night
DR04805,Doctor_4805,Male,D005,Oncology,MCh,10,Evening
DR04806,Doctor_4806,Male,D006,ENT,MCh,35,Evening
DR04807,Doctor_4807,Female,D007,Dermatology,DM,26,Morning
DR04808,Doctor_4808,Female,D008,General Surgery,MBBS,20,Evening
DR04809,Doctor_4809,Male,D009,Urology,DM,8,Morning
DR04810,Doctor_4810,Female,D010,Nephrology,MD,12,Evening
DR04811,Doctor_4811,Male,D011,Gynecology,MD,32,Night
DR04812,Doctor_4812,Male,D012,Psychiatry,MBBS,34,Evening
DR04813,Doctor_4813,Female,D013,Pulmonology,MD,31,Evening
DR04814,Doctor_4814,Male,D014,Gastroenterology,MS,35,Night
DR04815,Doctor_4815,Male,D015,Emergency,MBBS,3,Evening
DR04816,Doctor_4816,Female,D016,Radiology,MCh,24,Evening
DR04817,Doctor_4817,Female,D017,ICU,MS,17,Night
DR04818,Doctor_4818,Male,D018,Ophthalmology,MCh,27,Night
DR04819,Doctor_4819,Female,D019,Endocrinology,MS,1,Morning
DR04820,Doctor_4820,Female,D020,Dental,MS,23,Evening
DR04821,Doctor_4821,Female,D001,Cardiology,MCh,4,Morning
DR04822,Doctor_4822,Female,D002,Neurology,DM,9,Night
DR04823,Doctor_4823,Male,D003,Orthopedics,MCh,32,Night
DR04824,Doctor_4824,Female,D004,Pediatrics,DM,3,Night
DR04825,Doctor_4825,Male,D005,Oncology,MS,17,Night
DR04826,Doctor_4826,Male,D006,ENT,DM,15,Morning
DR04827,Doctor_4827,Female,D007,Dermatology,MCh,1,Morning
DR04828,Doctor_4828,Male,D008,General Surgery,MBBS,11,Morning
DR04829,Doctor_4829,Female,D009,Urology,MCh,29,Morning
DR04830,Doctor_4830,Male,D010,Nephrology,MBBS,22,Night
DR04831,Doctor_4831,Male,D011,Gynecology,MS,25,Evening
DR04832,Doctor_4832,Male,D012,Psychiatry,MS,30,Morning
DR04833,Doctor_4833,Male,D013,Pulmonology,MBBS,27,Evening
DR04834,Doctor_4834,Female,D014,Gastroenterology,MBBS,4,Evening
DR04835,Doctor_4835,Female,D015,Emergency,MBBS,1,Evening
DR04836,Doctor_4836,Female,D016,Radiology,MS,17,Morning
DR04837,Doctor_4837,Female,D017,ICU,DM,5,Night
DR04838,Doctor_4838,Female,D018,Ophthalmology,MCh,21,Morning
DR04839,Doctor_4839,Female,D019,Endocrinology,MD,3,Evening
DR04840,Doctor_4840,Male,D020,Dental,DM,3,Night
DR04841,Doctor_4841,Female,D001,Cardiology,MBBS,17,Evening
DR04842,Doctor_4842,Male,D002,Neurology,MD,17,Night
DR04843,Doctor_4843,Male,D003,Orthopedics,MBBS,12,Morning
DR04844,Doctor_4844,Female,D004,Pediatrics,MBBS,14,Morning
DR04845,Doctor_4845,Female,D005,Oncology,MBBS,30,Morning
DR04846,Doctor_4846,Female,D006,ENT,MBBS,22,Morning
DR04847,Doctor_4847,Male,D007,Dermatology,MBBS,2,Night
DR04848,Doctor_4848,Female,D008,General Surgery,MS,31,Night
DR04849,Doctor_4849,Female,D009,Urology,DM,26,Night
DR04850,Doctor_4850,Male,D010,Nephrology,MBBS,19,Evening
DR04851,Doctor_4851,Male,D011,Gynecology,MCh,2,Morning
DR04852,Doctor_4852,Female,D012,Psychiatry,MS,12,Morning
DR04853,Doctor_4853,Male,D013,Pulmonology,MD,9,Evening
DR04854,Doctor_4854,Male,D014,Gastroenterology,MCh,28,Evening
DR04855,Doctor_4855,Female,D015,Emergency,MBBS,5,Evening
DR04856,Doctor_4856,Male,D016,Radiology,MBBS,9,Morning
DR04857,Doctor_4857,Male,D017,ICU,MD,11,Morning
DR04858,Doctor_4858,Male,D018,Ophthalmology,MD,26,Morning
DR04859,Doctor_4859,Female,D019,Endocrinology,MD,32,Evening
DR04860,Doctor_4860,Male,D020,Dental,MD,16,Night
DR04861,Doctor_4861,Male,D001,Cardiology,MCh,26,Morning
DR04862,Doctor_4862,Male,D002,Neurology,MD,18,Morning
DR04863,Doctor_4863,Male,D003,Orthopedics,MD,5,Night
DR04864,Doctor_4864,Female,D004,Pediatrics,MCh,12,Evening
DR04865,Doctor_4865,Female,D005,Oncology,MD,13,Morning
DR04866,Doctor_4866,Female,D006,ENT,MD,3,Evening
DR04867,Doctor_4867,Female,D007,Dermatology,MCh,15,Night
DR04868,Doctor_4868,Male,D008,General Surgery,MD,34,Night
DR04869,Doctor_4869,Female,D009,Urology,DM,27,Night
DR04870,Doctor_4870,Male,D010,Nephrology,MD,1,Morning
DR04871,Doctor_4871,Female,D011,Gynecology,DM,5,Evening
DR04872,Doctor_4872,Female,D012,Psychiatry,MCh,8,Night
DR04873,Doctor_4873,Female,D013,Pulmonology,MS,26,Evening
DR04874,Doctor_4874,Female,D014,Gastroenterology,MCh,23,Morning
DR04875,Doctor_4875,Female,D015,Emergency,MBBS,16,Morning
DR04876,Doctor_4876,Female,D016,Radiology,MCh,16,Evening
DR04877,Doctor_4877,Male,D017,ICU,MS,14,Evening
DR04878,Doctor_4878,Male,D018,Ophthalmology,MCh,9,Morning
DR04879,Doctor_4879,Female,D019,Endocrinology,MD,27,Night
DR04880,Doctor_4880,Male,D020,Dental,MBBS,34,Evening
DR04881,Doctor_4881,Male,D001,Cardiology,MBBS,5,Morning
DR04882,Doctor_4882,Female,D002,Neurology,MCh,21,Evening
DR04883,Doctor_4883,Male,D003,Orthopedics,MD,4,Night
DR04884,Doctor_4884,Female,D004,Pediatrics,MCh,18,Night
DR04885,Doctor_4885,Female,D005,Oncology,MD,26,Evening
DR04886,Doctor_4886,Female,D006,ENT,MD,18,Night
DR04887,Doctor_4887,Female,D007,Dermatology,MS,30,Night
DR04888,Doctor_4888,Female,D008,General Surgery,MS,14,Morning
DR04889,Doctor_4889,Male,D009,Urology,MD,18,Morning
DR04890,Doctor_4890,Female,D010,Nephrology,DM,8,Evening
DR04891,Doctor_4891,Male,D011,Gynecology,DM,2,Evening
DR04892,Doctor_4892,Female,D012,Psychiatry,MBBS,23,Evening
DR04893,Doctor_4893,Male,D013,Pulmonology,MBBS,20,Night
DR04894,Doctor_4894,Male,D014,Gastroenterology,DM,9,Morning
DR04895,Doctor_4895,Male,D015,Emergency,MS,10,Evening
DR04896,Doctor_4896,Male,D016,Radiology,MBBS,34,Night
DR04897,Doctor_4897,Female,D017,ICU,MBBS,14,Morning
DR04898,Doctor_4898,Female,D018,Ophthalmology,MCh,25,Evening
DR04899,Doctor_4899,Female,D019,Endocrinology,MD,23,Evening
DR04900,Doctor_4900,Male,D020,Dental,MCh,2,Morning
DR04901,Doctor_4901,Female,D001,Cardiology,MCh,13,Morning
DR04902,Doctor_4902,Female,D002,Neurology,DM,32,Morning
DR04903,Doctor_4903,Male,D003,Orthopedics,MBBS,28,Night
DR04904,Doctor_4904,Female,D004,Pediatrics,MD,35,Evening
DR04905,Doctor_4905,Female,D005,Oncology,MD,10,Evening
DR04906,Doctor_4906,Female,D006,ENT,MCh,34,Night
DR04907,Doctor_4907,Male,D007,Dermatology,MBBS,15,Evening
DR04908,Doctor_4908,Male,D008,General Surgery,DM,2,Night
DR04909,Doctor_4909,Female,D009,Urology,MD,16,Morning
DR04910,Doctor_4910,Male,D010,Nephrology,MD,13,Night
DR04911,Doctor_4911,Female,D011,Gynecology,MS,29,Evening
DR04912,Doctor_4912,Female,D012,Psychiatry,MS,13,Evening
DR04913,Doctor_4913,Male,D013,Pulmonology,MS,11,Morning
DR04914,Doctor_4914,Female,D014,Gastroenterology,MS,11,Morning
DR04915,Doctor_4915,Female,D015,Emergency,MCh,1,Night
DR04916,Doctor_4916,Male,D016,Radiology,MS,8,Night
DR04917,Doctor_4917,Male,D017,ICU,MD,32,Evening
DR04918,Doctor_4918,Female,D018,Ophthalmology,MCh,1,Night
DR04919,Doctor_4919,Female,D019,Endocrinology,MD,29,Morning
DR04920,Doctor_4920,Female,D020,Dental,DM,28,Evening
DR04921,Doctor_4921,Male,D001,Cardiology,DM,16,Night
DR04922,Doctor_4922,Female,D002,Neurology,DM,7,Evening
DR04923,Doctor_4923,Male,D003,Orthopedics,MBBS,25,Evening
DR04924,Doctor_4924,Female,D004,Pediatrics,MBBS,32,Evening
DR04925,Doctor_4925,Male,D005,Oncology,MD,28,Morning
DR04926,Doctor_4926,Male,D006,ENT,MS,4,Night
DR04927,Doctor_4927,Male,D007,Dermatology,MD,25,Night
DR04928,Doctor_4928,Female,D008,General Surgery,MBBS,32,Morning
DR04929,Doctor_4929,Male,D009,Urology,MCh,28,Night
DR04930,Doctor_4930,Female,D010,Nephrology,DM,8,Evening
DR04931,Doctor_4931,Female,D011,Gynecology,MCh,16,Night
DR04932,Doctor_4932,Male,D012,Psychiatry,MBBS,26,Night
DR04933,Doctor_4933,Female,D013,Pulmonology,MCh,22,Evening
DR04934,Doctor_4934,Female,D014,Gastroenterology,MBBS,12,Night
DR04935,Doctor_4935,Female,D015,Emergency,DM,30,Morning
DR04936,Doctor_4936,Female,D016,Radiology,MD,27,Night
DR04937,Doctor_4937,Male,D017,ICU,MS,28,Night
DR04938,Doctor_4938,Male,D018,Ophthalmology,MD,14,Evening
DR04939,Doctor_4939,Female,D019,Endocrinology,MCh,28,Morning
DR04940,Doctor_4940,Male,D020,Dental,MCh,35,Night
DR04941,Doctor_4941,Female,D001,Cardiology,MBBS,24,Evening
DR04942,Doctor_4942,Female,D002,Neurology,DM,29,Morning
DR04943,Doctor_4943,Male,D003,Orthopedics,DM,23,Evening
DR04944,Doctor_4944,Female,D004,Pediatrics,DM,21,Morning
DR04945,Doctor_4945,Female,D005,Oncology,MCh,10,Morning
DR04946,Doctor_4946,Female,D006,ENT,MS,20,Evening
DR04947,Doctor_4947,Female,D007,Dermatology,MD,18,Morning
DR04948,Doctor_4948,Female,D008,General Surgery,MS,7,Morning
DR04949,Doctor_4949,Female,D009,Urology,MS,5,Night
DR04950,Doctor_4950,Female,D010,Nephrology,MS,26,Night
DR04951,Doctor_4951,Female,D011,Gynecology,MCh,19,Night
DR04952,Doctor_4952,Male,D012,Psychiatry,DM,15,Morning
DR04953,Doctor_4953,Male,D013,Pulmonology,MD,7,Morning
DR04954,Doctor_4954,Female,D014,Gastroenterology,MS,19,Morning
DR04955,Doctor_4955,Female,D015,Emergency,MS,34,Morning
DR04956,Doctor_4956,Female,D016,Radiology,DM,14,Night
DR04957,Doctor_4957,Male,D017,ICU,MCh,15,Morning
DR04958,Doctor_4958,Male,D018,Ophthalmology,MCh,11,Evening
DR04959,Doctor_4959,Female,D019,Endocrinology,MBBS,12,Night
DR04960,Doctor_4960,Female,D020,Dental,MD,21,Night
DR04961,Doctor_4961,Female,D001,Cardiology,MS,9,Morning
DR04962,Doctor_4962,Male,D002,Neurology,MD,31,Evening
DR04963,Doctor_4963,Male,D003,Orthopedics,MD,25,Evening
DR04964,Doctor_4964,Female,D004,Pediatrics,MS,15,Night
DR04965,Doctor_4965,Female,D005,Oncology,DM,6,Night
DR04966,Doctor_4966,Female,D006,ENT,DM,24,Morning
DR04967,Doctor_4967,Male,D007,Dermatology,MS,10,Night
DR04968,Doctor_4968,Male,D008,General Surgery,MS,5,Evening
DR04969,Doctor_4969,Male,D009,Urology,MCh,22,Evening
DR04970,Doctor_4970,Male,D010,Nephrology,MCh,34,Morning
DR04971,Doctor_4971,Male,D011,Gynecology,MD,13,Morning
DR04972,Doctor_4972,Male,D012,Psychiatry,MD,8,Morning
DR04973,Doctor_4973,Male,D013,Pulmonology,DM,18,Evening
DR04974,Doctor_4974,Male,D014,Gastroenterology,MS,31,Night
DR04975,Doctor_4975,Female,D015,Emergency,DM,17,Morning
DR04976,Doctor_4976,Male,D016,Radiology,DM,28,Evening
DR04977,Doctor_4977,Male,D017,ICU,DM,23,Evening
DR04978,Doctor_4978,Female,D018,Ophthalmology,MD,17,Evening
DR04979,Doctor_4979,Female,D019,Endocrinology,DM,22,Morning
DR04980,Doctor_4980,Female,D020,Dental,MCh,8,Night
DR04981,Doctor_4981,Female,D001,Cardiology,MCh,27,Evening
DR04982,Doctor_4982,Male,D002,Neurology,MD,22,Night
DR04983,Doctor_4983,Female,D003,Orthopedics,MD,5,Morning
DR04984,Doctor_4984,Male,D004,Pediatrics,MCh,13,Morning
DR04985,Doctor_4985,Female,D005,Oncology,MD,16,Evening
DR04986,Doctor_4986,Female,D006,ENT,MD,9,Morning
DR04987,Doctor_4987,Male,D007,Dermatology,DM,13,Night
DR04988,Doctor_4988,Male,D008,General Surgery,MD,17,Night
DR04989,Doctor_4989,Male,D009,Urology,DM,23,Evening
DR04990,Doctor_4990,Female,D010,Nephrology,MBBS,2,Night
DR04991,Doctor_4991,Female,D011,Gynecology,MCh,2,Night
DR04992,Doctor_4992,Female,D012,Psychiatry,MBBS,13,Evening
DR04993,Doctor_4993,Female,D013,Pulmonology,MS,10,Night
DR04994,Doctor_4994,Male,D014,Gastroenterology,MD,19,Morning
DR04995,Doctor_4995,Male,D015,Emergency,MBBS,13,Evening
DR04996,Doctor_4996,Male,D016,Radiology,MBBS,20,Evening
DR04997,Doctor_4997,Female,D017,ICU,DM,26,Evening
DR04998,Doctor_4998,Female,D018,Ophthalmology,MS,30,Morning
DR04999,Doctor_4999,Female,D019,Endocrinology,MBBS,26,Morning
DR05000,Doctor_5000,Female,D020,Dental,MCh,23,Evening
